1,अशोक हल,ASHOK HALL,2,2009-01-26,प्राइभेट >> बहुल>>सम्पुर्ण नेपाली स्वामित्व(प्राइभेट),ललितपुर महानगरपालिका-१६,ललितपुर,३
2,चितवन वेकरी उद्योग,Chitwan Bakery Udhyog,2,2039-06-28,प्राइभेट >> बहुल,गुन्जनगर-०९,चितवन,नारायणी
3,थापा ईन्जिनियरिङ्ग ईण्डष्ट्रीज,Thapa Engineering Industries,2,2040-08-25,प्राइभेट >> बहुल>>सम्पुर्ण नेपाली स्वामित्व(प्राइभेट),बुटवल न.पा.-,रुपन्देही,लुम्बिनी,2080-03-24
4,अमित ट्रेडिङ्ग कन्सर्न,Amit Trading Concern,2,2040-12-23,प्राइभेट >> बहुल>>सम्पुर्ण नेपाली स्वामित्व(प्राइभेट),भैरहवा-७,रुपन्देही,लुम्बिनी
5,शुभलक्ष्मी ढाका विन्दु कपडा उद्योग,SHUBHA LAXMI DHAKA BINDU KAPADA UDHYOG,2,2041-02-04,प्राइभेट >> बहुल>>सम्पुर्ण नेपाली स्वामित्व(प्राइभेट),हेटौडा न.पा.-१८,मकवानपुर,नारायणी
6,नेपाल कोल लिमिटेड,Nepal coal Limited,2,2042-02-01,पब्लिक >> सरकारी >> सम्पूर्ण स्वामित्व,बुटवल न.पा.-0, रुपन्देही, 13, पश्चिमाञ्चल बिकास क्षेत्र
7,बागमती कंकृट प्रडक्ट,Bagmati Concrete Product,2,2046-05-11,प्राइभेट >> बहुल,ललितपुर,बागमती,2078-05-17
8,पाँचथर प्रिन्टिङ्ग प्रेश,Pachthar Printing Press,2,2046-11-24,प्राइभेट >> बहुल>>सम्पुर्ण नेपाली स्वामित्व(प्राइभेट),फिदिम-१,पाँचथर,मेची
9,स्वतन्त्र प्रकाशन ,Swatranta Prakasan,2,2047-06-21,प्राइभेट >> बहुल>>सम्पुर्ण नेपाली स्वामित्व(प्राइभेट),वीरगंज उ.न.पा.-४,पर्सा,नारायणी
10,नेपालगंज पेपर हाउस,NEPALGUNG PAPER HOUSE,2,2048-08-12,प्राइभेट >> बहुल>>सम्पुर्ण नेपाली स्वामित्व(प्राइभेट),नेपालगंज न.पा.-,बाके,भेरी,2072-09-27
11,पर्सा टेक्सटाईल इ.,PARSA TEXTILE IN.,2,2049-09-20,प्राइभेट >> बहुल>>सम्पुर्ण नेपाली स्वामित्व(प्राइभेट),वीरगंज उ.न.पा.-१७,पर्सा,नारायणी
12,सोमाङ जिव एकेडेमी,Somang Jib Academy,2,2062-09-21,मुनाफा वितरण नगर्ने,जगतपुर-2, चितवन, नारायणी, मध्यमाञ्चल बिकास क्षेत्र
13,केयर्य इनर्जी धनगढी लिमिटेड,Cairn  Energy Dhangari Limited,2,2063-02-23,विदेशी कार्यलय >> विदेशी शाखा कार्यलय,धनगढी न.पा.-,कैलाली,सेती,2074-10-28
1,NEPAL COMMERCIAL CORPORATION,NEPAL COMMERCIAL CORPORATION,1,2008-12-23,प्राइभेट,KATHMANDU
2,जय श्री राइस फ्लोर एणड आयल मिल,Jay Shree Rice Flower And Oil Mill,1,2023-05-02,प्राइभेट >> बहुल>>सम्पुर्ण नेपाली स्वामित्व(प्राइभेट),दुहवी-,सुनसरी,कोशी
3,इन्टरनेशनल क्लोठिङ्ग,INTERNATIONAL CLOTHING,1,2031-07-27,पब्लिक >> गैर सरकारी >> Joint Venture between Nepali and foreign company,का.म.न.पा.-,काठमाण्डौ,बाग्मती
4,रंजन इन्टरनेशनल,Ranjan International ,1,2037-11-05,प्राइभेट >> बहुल>>सम्पुर्ण नेपाली स्वामित्व(प्राइभेट),हेटौडा न.पा.-,मकवानपुर,नारायणी
5,हिमालय डेरी प्रडक्ट्स,HIMALAYA DAIRY PRODUCTS,1,2039-10-07,प्राइभेट >> बहुल>>सम्पुर्ण नेपाली स्वामित्व(प्राइभेट),ललितपुर उप म.न.पा.-१९,ललितपुर,बाग्मती,2079-11-04
6,नबिल बैंक,Nabil Bank,1,2041-01-29,पब्लिक >> सरकारी >> Joint Venture Between government and Public,का.म.न.पा.-१,काठमाण्डौ,बाग्मती,2079-10-29
7,दोभान आसवित्र,Dobhan Aaswitra,1,2045-12-06,प्राइभेट >> बहुल>>सम्पुर्ण नेपाली स्वामित्व(प्राइभेट),पाल्पा,लुम्बिनी,2076-09-29
8,युलेन्स एजुकेशन फाउण्डेशन,Ullens Education Foundation,1,2062-09-21,मुनाफा वितरण नगर्ने,ललितपुर उप म.न.पा.-१५,ललितपुर,बाग्मती,2079-10-11
9,केयर्न इनर्जी मलंगवा लिमिटेड,Cairn  Energy Malangawa Limited,1,2063-02-23,विदेशी कार्यलय >> विदेशी शाखा कार्यलय,मलगंवा न.पा.-,सर्लाही,जनकपुर,2074-10-28
1,अशोक हल,ASHOK HALL,2,2009-01-26,प्राइभेट >> बहुल>>सम्पुर्ण नेपाली स्वामित्व(प्राइभेट),ललितपुर महानगरपालिका-१६,ललितपुर,३
2,चितवन वेकरी उद्योग,Chitwan Bakery Udhyog,2,2039-06-28,प्राइभेट >> बहुल,गुन्जनगर-०९,चितवन,नारायणी
3,थापा ईन्जिनियरिङ्ग ईण्डष्ट्रीज,Thapa Engineering Industries,2,2040-08-25,प्राइभेट >> बहुल>>सम्पुर्ण नेपाली स्वामित्व(प्राइभेट),बुटवल न.पा.-,रुपन्देही,लुम्बिनी,2080-03-24
4,अमित ट्रेडिङ्ग कन्सर्न,Amit Trading Concern,2,2040-12-23,प्राइभेट >> बहुल>>सम्पुर्ण नेपाली स्वामित्व(प्राइभेट),भैरहवा-७,रुपन्देही,लुम्बिनी
5,शुभलक्ष्मी ढाका विन्दु कपडा उद्योग,SHUBHA LAXMI DHAKA BINDU KAPADA UDHYOG,2,2041-02-04,प्राइभेट >> बहुल>>सम्पुर्ण नेपाली स्वामित्व(प्राइभेट),हेटौडा न.पा.-१८,मकवानपुर,नारायणी
6,नेपाल कोल लिमिटेड,Nepal coal Limited,2,2042-02-01,पब्लिक >> सरकारी >> सम्पूर्ण स्वामित्व,बुटवल न.पा.-0, रुपन्देही, 13, पश्चिमाञ्चल बिकास क्षेत्र
7,बागमती कंकृट प्रडक्ट,Bagmati Concrete Product,2,2046-05-11,प्राइभेट >> बहुल,ललितपुर,बागमती,2078-05-17
8,पाँचथर प्रिन्टिङ्ग प्रेश,Pachthar Printing Press,2,2046-11-24,प्राइभेट >> बहुल>>सम्पुर्ण नेपाली स्वामित्व(प्राइभेट),फिदिम-१,पाँचथर,मेची
9,स्वतन्त्र प्रकाशन ,Swatranta Prakasan,2,2047-06-21,प्राइभेट >> बहुल>>सम्पुर्ण नेपाली स्वामित्व(प्राइभेट),वीरगंज उ.न.पा.-४,पर्सा,नारायणी
10,नेपालगंज पेपर हाउस,NEPALGUNG PAPER HOUSE,2,2048-08-12,प्राइभेट >> बहुल>>सम्पुर्ण नेपाली स्वामित्व(प्राइभेट),नेपालगंज न.पा.-,बाके,भेरी,2072-09-27
11,पर्सा टेक्सटाईल इ.,PARSA TEXTILE IN.,2,2049-09-20,प्राइभेट >> बहुल>>सम्पुर्ण नेपाली स्वामित्व(प्राइभेट),वीरगंज उ.न.पा.-१७,पर्सा,नारायणी
12,सोमाङ जिव एकेडेमी,Somang Jib Academy,2,2062-09-21,मुनाफा वितरण नगर्ने,जगतपुर-2, चितवन, नारायणी, मध्यमाञ्चल बिकास क्षेत्र
13,केयर्य इनर्जी धनगढी लिमिटेड,Cairn  Energy Dhangari Limited,2,2063-02-23,विदेशी कार्यलय >> विदेशी शाखा कार्यलय,धनगढी न.पा.-,कैलाली,सेती,2074-10-28
1,NEPAL TRADERS LTD.,NEPAL TRADERS LTD.,3,2009-02-12,प्राइभेट,KATHMANDU
2,गोर्खाली इन्टरप्राइज,Gorkhali Interprises,3,2030-07-04,प्राइभेट >> बहुल>>सम्पुर्ण नेपाली स्वामित्व(प्राइभेट),धरान न.पा.-,सुनसरी,कोशी
3,भेरी रोडा ढुङ्गा उद्योग,VERI RODA DHUGGA  UDYHOG,3,2035-05-01,प्राइभेट >> बहुल>>सम्पुर्ण नेपाली स्वामित्व(प्राइभेट),कोहलपुर-०,बाके,भेरी
4,रत्‍न अटोमोवाईल्स,Ratna Automobiles ,3,2038-02-27,प्राइभेट >> बहुल,हेटौडा न.पा.-१०,मकवानपुर,नारायणी
5,फुन्जोकउन प्रसोधन उद्दोग,Funjokaun Prasodhan Udhyog,3,2041-02-10,प्राइभेट >> बहुल>>सम्पुर्ण नेपाली स्वामित्व(प्राइभेट),का.म.न.पा.-०,काठमाण्डौ,बाग्मती
6,लुम्बिनी चिया उद्योग,Lumbini Chiya Udhyog,3,2044-01-20,प्राइभेट >> बहुल,सिद्घार्थनगर न.पा.-००,रुपन्देही,लुम्बिनी
7,बुटवल पावर कं.,Butwal Power Co.,3,2049-11-06,पब्लिक >> सरकारी >> Joint Venture Between government and Public,का.म.न.पा.-३१, काठमाण्डौ, बाग्मती ,2079-10-10
8,विराटनगर राउण्ड टेबुल,Biratnagar Round Table,3,2062-10-05,मुनाफा वितरण नगर्ने,विराटनगर उप म.न.पा.-१,मोरंग,कोशी
9,केयर्न इनर्जी कर्नाली,CAIRN ENERGY KARNALI,3,2063-10-23,पब्लिक >> गैर सरकारी>>सम्पूर्ण नेपाली स्वामित्व(पब्लिक),काठमाण्डौ,बाग्मती,2074-10-28
1,JYOTI DYING AND PRINTING FACTORY,JYOTI DYING AND PRINTING FACTORY,4,2009-03-14,प्राइभेट,DHARAN,SUNSARI
2,सुन्दर फर्निचर इण्डष्ट्रीज,Sundar Furniture Industries,4,2036-02-09,प्राइभेट >> बहुल>>सम्पुर्ण नेपाली स्वामित्व(प्राइभेट),वीरगंज उ.न.पा.-७,पर्सा,नारायणी,2079-05-16
3,नेशनल अटोमोटिभ वर्कस,National Automotive Works,4,2036-05-05,प्राइभेट >> बहुल,बासुदेवपुर-६,बाके,भेरी,2078-12-16
4,स्ट्याण्डर्ड चार्टर्ड बैंक नेपाल,STANDARD CHARTERED BANK NEPAL,4,2042-09-04,पब्लिक >> गैर सरकारी >> Joint Venture between Nepali and foreign company,का.म.न.पा.-३४,काठमाण्डौ,बाग्मती,2079-09-25
5,युटाका साग्यो कंपनी लिमिटेट,Yutaka Sangyo Company Ltd,4,2048-09-08,विदेशी कार्यलय >> विदेशी सम्पर्क कार्यलय,काठमाण्डौ,बाग्मती
6,प्रोग्रेसिव इन्टरप्राइजेज,Progressive Enterprises,4,2049-08-12,प्राइभेट >> बहुल>>सम्पुर्ण नेपाली स्वामित्व(प्राइभेट),का.म.न.पा.-१९,काठमाण्डौ,बाग्मती
7,बुटवल स्टोन इण्डष्ट्रिज,Butwal Stone Industries,4,2049-10-18,प्राइभेट >> बहुल>>सम्पुर्ण नेपाली स्वामित्व(प्राइभेट),मित्याल-४,पाल्पा,लुम्बिनी
8,सामुदायिक शैक्षिक बिकास प्रतिष्‍ठान,Samudayik Shikchyik Bikesh Pratisthan,4,2062-10-06,मुनाफा वितरण नगर्ने,दादरवैरिया-६,झापा,मेची,2079-10-05
9,केयर्न इनर्जी विरगञ्ज,CAIRN ENERGY BIRJUNG,4,2063-02-23,पब्लिक >> गैर सरकारी,काठमाण्डौ,बाग्मती,2074-10-28
1,GOLCHHA RICE OIL AND FLOUR MILLS,GOLCHHA RICE OIL AND FLOUR MILLS,5,2009-04-08,प्राइभेट,JOGBANI
2,जुनकिरी इण्डष्ट्रिज,JUNKIRI INDUSTRIES,5,2041-03-29,प्राइभेट >> बहुल>>सम्पुर्ण नेपाली स्वामित्व(प्राइभेट),बुटवल न.पा.-८,रुपन्देही,लुम्बिनी,2078-01-12
3,गणपति कत्था एण्ड एलाइड इण्डष्ट्रिज,GANAPATI KATTHA & ALLIED INDUSTRIES,5,2041-10-04,प्राइभेट >> बहुल>>सम्पुर्ण नेपाली स्वामित्व(प्राइभेट),नेपालगंज न.पा.-१३,बाके,भेरी,2079-11-14
4,नेपाल कन्फेकशनरी एण्ड बिस्कुट कंपनी,Nepal Confectionery & Biscuit Company,5,2042-09-03,प्राइभेट >> बहुल>>सम्पुर्ण नेपाली स्वामित्व(प्राइभेट),धरान न.पा.-१२,सुनसरी,कोशी
5,नेपाल इन्भेष्टमेन्ट मेगा बैंक लि,Nepal Investment Mega Bank Limited,5,2042-10-06,पब्लिक >> सरकारी >> सम्पूर्ण स्वामित्व,का.म.न.पा.-१,काठमाण्डौ,बाग्मती,2079-09-21
6,बुटवल स्टील फर्निचर,BUTWAL STEEL FURNITURE,5,2043-01-11,प्राइभेट >> बहुल>>सम्पुर्ण नेपाली स्वामित्व(प्राइभेट),बुटवल न.पा.-१०,रुपन्देही,लुम्बिनी,2078-11-16
7,हिमालगिरि टेक्सटाइल इण्डष्ट्रिज,Himalgiri  Textile  Industries,5,2049-11-06,पब्लिक >> सरकारी >> सम्पूर्ण स्वामित्व,का.म.न.पा.-६, काठमाण्डौ, बाग्मती 
8,एन्जल्स हेभन नेपाल,Angels Heaven Nepal,5,2062-10-14,मुनाफा वितरण नगर्ने,का.म.न.पा.-५,काठमाण्डौ,बाग्मती
9,केयर्न इनर्जी लुम्बिनी,CAIRN ENERGY LUMBINI,5,2063-02-23,पब्लिक >> गैर सरकारी,काठमाण्डौ,बाग्मती,2074-10-28
1,HIMALAYA RICE OIL AND FLOUR MILLS,HIMALAYA RICE OIL AND FLOUR MILLS,6,2009-06-01,प्राइभेट,RAJBIRAJ, SAPTARI
2,दि ओरियण्टल इन्स्योरेन्स कम्पनी,The Oriental Insurance Company ,6,2024-05-30,पब्लिक >> गैर सरकारी >> Joint Venture between Nepali and foreign company,का.म.न.पा.-,काठमाण्डौ,बाग्मती
3,नेपाल म्युजिक  सेन्टर,Nepal Music Centerq,6,2062-10-20,मुनाफा वितरण नगर्ने,का.म.न.पा.-१७,काठमाण्डौ,बाग्मती
4,अमेरिकन लाइफ इन्‍स्‍योरेन्‍स कम्‍पनी,American Life Insurance Company,6,2063-02-23,विदेशी कार्यलय >> विदेशी शाखा कार्यलय,ललितपुर उप म.न.पा.-३,ललितपुर,बाग्मती,2079-11-12
1,DURGA RICE OIL AND FLOUR MILLS,DURGA RICE OIL AND FLOUR MILLS,7,2009-06-30,प्राइभेट
2,पूर्वाञ्चल गाउँ विकास बैंक,Purbanchal Gaun Bikash Bank,7,2042-10-29,पब्लिक >> सरकारी >> सम्पूर्ण स्वामित्व,धनकुटा न.पा.-,धनकुटा,कोशी
3,युनियन फाइनान्स,Union Finance,7,2049-11-13,पब्लिक >> गैर सरकारी>>सम्पूर्ण नेपाली स्वामित्व(पब्लिक),का.म.न.पा.-१,काठमाण्डौ,बाग्मती,2074-02-17
4,थाम्पोपो फाउण्डेशन,Thampopo Foundation,7,2062-11-09,मुनाफा वितरण नगर्ने,का.म.न.पा.-३५,काठमाण्डौ,बाग्मती
5,लार्सेन एण्ड टुब्रो,Larsen And Toubro,7,2063-03-02,विदेशी कार्यलय >> विदेशी शाखा कार्यलय,काठमाण्डौं महानगरपालिका-४,काठमाण्डौ,बागमती,2079-11-10
1,NEPAL TRADING CO.,NEPAL TRADING CO.,8,2009-07-15,प्राइभेट,KATHMANDU
2,श्री जय खाध उद्दोग,Shree Jaya Khad Udhyog,8,2037-08-26,प्राइभेट >> बहुल>>सम्पुर्ण नेपाली स्वामित्व(प्राइभेट),का.म.न.पा.-०,काठमाण्डौ,बाग्मती
3,नेशनल लाइफ इन्स्योरेन्स कम्पनी,NATIONAL LIFE INSURANCE COMPANY,8,2042-02-19,पब्लिक >> सरकारी >> Joint Venture Between government and Public,का.म.न.पा.-१,काठमाण्डौ,बाग्मती,2080-03-24
4,संगम आयल कम्पनी,Sangam Oil Company,8,2048-02-05,प्राइभेट >> बहुल,सिद्धार्थनगर नगरपालिका-०,रुपन्देही,लुम्बिनी,2078-11-02
5,पिपल्स फाइनान्स,People's Finance,8,2049-11-26,पब्लिक >> सरकारी >> सम्पूर्ण स्वामित्व,का.म.न.पा.-११,काठमाण्डौ,बाग्मती,2072-01-24
6,नेपाल हेल्पिग् एजुकेशन फाउण्डेशन अफ नेपाल,Nepal Helping Educational Foundation Of Nepal,8,2062-11-09,मुनाफा वितरण नगर्ने,का.म.न.पा.-६,काठमाण्डौ,बाग्मती,2079-08-29
7,नेशनल इन्स्योरेन्स कम्पनी,NATIONAL INSURANCE COMPANY,8,2063-04-10,विदेशी कार्यलय >> विदेशी शाखा कार्यलय,काठमाण्डौ,बाग्मती,2080-01-13
1,MAHABIR INDUSTRY,MAHABIR INDUSTRY,9,2009-08-05,प्राइभेट,RAJBIRAJ SAPTARI
2,नेपाल जूगल उन,NEPAL JUGAL UN,9,2043-05-31,पब्लिक >> गैर सरकारी>>सम्पूर्ण नेपाली स्वामित्व(पब्लिक),का.म.न.पा.-६,काठमाण्डौ,बाग्मती
3,ओलम्पिक जिपर्स नेपाल,Olympic Zippers Nepal,9,2049-12-04,पब्लिक >> गैर सरकारी >> Joint Venture between Nepali and foreign company,का.म.न.पा.-३१, काठमाण्डौ, बाग्मती 
4,कम्प्याक एकेडेमी,Campac Academy,9,2062-11-11,मुनाफा वितरण नगर्ने,बालुवापाटी नाल्दुम-९,काभ्रेपलान्चोक,बाग्मती
5,अन्नपुर्ण हिमाल मिल,Annarpurna Himal Mill,9,2086-10-29,प्राइभेट >> बहुल>>सम्पुर्ण नेपाली स्वामित्व(प्राइभेट),का.म.न.पा.-०,काठमाण्डौ,बाग्मती
1,HIMALAYA COMMERCIAL CO.,HIMALAYA COMMERCIAL CO.,10,2009-08-09,प्राइभेट,KATHMANDU
2,एभरेष्‍ट उल,Everest Wool,10,2043-06-10,पब्लिक >> गैर सरकारी>>सम्पूर्ण नेपाली स्वामित्व(पब्लिक),का.म.न.पा.-१६, काठमाण्डौ, बाग्मती 
3,हिमाल  टेण्ट्स,HIMAL TENTS,10,2044-12-02,प्राइभेट >> बहुल>>सम्पुर्ण नेपाली स्वामित्व(प्राइभेट),ललितपुर उप म.न.पा.-०,ललितपुर,बाग्मती,2079-10-18
4,पृथ्वी राजमार्ग पेट्रोलियन,PRITHVI RAJMARGA  PETROLIEM,10,2049-07-05,प्राइभेट >> बहुल>>सम्पुर्ण नेपाली स्वामित्व(प्राइभेट),लेखनाथ नगरपालिका-९,कास्की,गण्डकी,2078-12-02
5,कैलाश बिकास बैंक,Kailash Bikas Bank,10,2049-12-06,पब्लिक >> गैर सरकारी>>सम्पूर्ण नेपाली स्वामित्व(पब्लिक),का.म.न.पा.-३२,काठमाण्डौ,बाग्मती,2076-10-07
6,ने- सारंग,Ne- Sarang,10,2062-11-17,मुनाफा वितरण नगर्ने,का.म.न.पा.-३३,काठमाण्डौ,बाग्मती
7,इतिहाद एयरवेज,Etihad Airways,10,2063-05-06,विदेशी कार्यलय >> विदेशी सम्पर्क कार्यलय,काठमाण्डौं महानगरपालिका-११,काठमाण्डौ,३,2074-09-16
1,LALITA RICE OIL DAAL&FLOUR MILL,LALITA RICE OIL DAAL&FLOUR MILL,11,2009-08-22,प्राइभेट,BIRATNAGAR,MORANG
2,नेपाल उल सेल्स,Nepal Wool Sales,11,2043-06-20,पब्लिक >> गैर सरकारी>>सम्पूर्ण नेपाली स्वामित्व(पब्लिक),का.म.न.पा.-३१,काठमाण्डौ,बाग्मती
3,कामाक्ष उनी धागो कटाई उद्दोग,Kamachya Uni Dhago Katai Udhyog,11,2048-10-07,प्राइभेट >> बहुल>>सम्पुर्ण नेपाली स्वामित्व(प्राइभेट),का.म.न.पा.-०,काठमाण्डौ,बाग्मती
4,फरेन इम्प्लाईमेण्ट प्रोटेक्सन कम्पनी,Foreign Employment Proection Company,11,2062-11-22,मुनाफा वितरण नगर्ने,का.म.न.पा.-३४, काठमाण्डौ, बाग्मती 
5,कतार एयरवेज ग्रुप,Qatar Airways Group,11,2086-10-29,विदेशी कार्यलय >> विदेशी शाखा कार्यलय,का.म.न.पा.-१,काठमाण्डौ,बाग्मती,2078-08-15
1,PRITHVI RICE OIL & FLOUR MILLS,PRITHVI RICE OIL & FLOUR MILLS,12,2009-09-30,प्राइभेट,BUTWAL
2,शक्ति रबर उद्योग,SHAKTI RUBBER UDYOG,12,2042-05-20,प्राइभेट >> बहुल>>सम्पुर्ण नेपाली स्वामित्व(प्राइभेट),का.म.न.पा.-,काठमाण्डौ,बाग्मती
3,नेपाल ट्रेड टेम्पल,Nepal Trade Temple,12,2043-08-12,पब्लिक >> गैर सरकारी>>सम्पूर्ण नेपाली स्वामित्व(पब्लिक),ललितपुर उप म.न.पा.-12, ललितपुर, 13, मध्यमाञ्चल बिकास क्षेत्र
4,एभरेष्ट फिड ईण्डष्ट्रिज,Everest Feed Indrustries,12,2044-08-09,प्राइभेट >> बहुल>>सम्पुर्ण नेपाली स्वामित्व(प्राइभेट),काठमाण्डौ,बाग्मती,2074-10-29
5,हाउस अफ होप,House Of Hope,12,2062-12-02,मुनाफा वितरण नगर्ने,छालिङ-६,भक्तपुर,बाग्मती
6,टाटा स्टील,Tata Steel ,12,2063-10-03,विदेशी कार्यलय >> विदेशी सम्पर्क कार्यलय,काठमाण्डौ,बाग्मती
1,बसन्तपुर सिनेमा,BASANTPUR CINEMA,13,2009-10-13,पब्लिक >> सरकारी >> सम्पूर्ण स्वामित्व,का.म.न.पा.-३१, काठमाण्डौ, बाग्मती 
2,एभरेष्‍ट एक्सपोर्ट,Everst Export,13,2026-05-20,प्राइभेट >> बहुल>>सम्पुर्ण नेपाली स्वामित्व(प्राइभेट),का.म.न.पा.-३१, काठमाण्डौ, बाग्मती ,2078-09-19
3,कन्टीनेन्टल टृेनिङ्ग कम्पनी,Continental Training Company,13,2031-01-15,प्राइभेट >> बहुल>>सम्पुर्ण नेपाली स्वामित्व(प्राइभेट),ललितपुर,बाग्मती
4,तराई पेट्रोलियम,Terai Petrolium,13,2048-04-15,प्राइभेट >> बहुल>>सम्पुर्ण नेपाली स्वामित्व(प्राइभेट),का.म.न.पा.-०,काठमाण्डौ,बाग्मती
5,पुनम राइस एण्ड अापल मिल,Punam Rice And Apala Mill,13,2049-09-06,प्राइभेट >> बहुल>>सम्पुर्ण नेपाली स्वामित्व(प्राइभेट),रत्ननगर न.पा.-०८,चितवन,नारायणी
6,रेन्बो घर जग्गा खरिद बिक्रि ,Rainbow Ghar Jagga Kharid Bikri,13,2049-10-18,प्राइभेट >> बहुल>>सम्पुर्ण नेपाली स्वामित्व(प्राइभेट),भण्डारा-,चितवन,नारायणी
7,सृजना पोल्टृी एण्ड फिड ईन्डस्टृीज,Srijana Poultry And Feed Industries,13,2049-10-20,प्राइभेट >> बहुल>>सम्पुर्ण नेपाली स्वामित्व(प्राइभेट),काठमाण्डौ,बाग्मती
8,तारागाउँ रिजन्सी होटेल्स,TARAGAON REGENCY HOTELS,13,2049-12-16,पब्लिक >> गैर सरकारी>>सम्पूर्ण नेपाली स्वामित्व(पब्लिक),का.म.न.पा.-६,काठमाण्डौ,बाग्मती,2080-03-08
9,ट्रितेन नोर्बुचे इन्स्टिच्युशन,Triten Norbuchsen Institiution,13,2062-12-09,मुनाफा वितरण नगर्ने,इचंगु-६,काठमाण्डौ,बाग्मती,2079-12-10
10,मित्सुई एण्ड कम्पनी,MITSUI & CO.,13,2063-12-21,विदेशी कार्यलय >> विदेशी सम्पर्क कार्यलय,का.म.न.पा.-१०,काठमाण्डौ,बाग्मती
1,YATI BYABASTHAPAK MANDAL,YATI BYABASTHAPAK MANDAL,14,2010-02-01,प्राइभेट,KATHMANDU
2,हवाइट एभरेष्ट व्यापार कम्पनी,White Everest Byapar Company,14,2043-09-17,पब्लिक >> गैर सरकारी>>सम्पूर्ण नेपाली स्वामित्व(पब्लिक),का.म.न.पा.-०,काठमाण्डौ,बाग्मती
3,जीवनकला नेपाल,Jeevankala Nepal,14,2063-01-13,मुनाफा वितरण नगर्ने,का.म.न.पा.-२९,काठमाण्डौ,बाग्मती,2075-11-29
4,जीवनकला नेपाल,Jeevankala Nepal,14,2063-01-13,मुनाफा वितरण नगर्ने,ललितपुर उप म.न.पा.-४,ललितपुर,बाग्मती,2075-11-29
1,भाजुरत्‍न इन्भेष्‍टमेण्‍ट,BHAJURATNA INVESTMENT,15,2010-06-11,पब्लिक >> सरकारी >> सम्पूर्ण स्वामित्व,का.म.न.पा.-,काठमाण्डौ,बाग्मती
2,डुब्लिकेटिङ्ग मेटेरियल्स,Daublicating Meterials,15,2031-03-30,प्राइभेट >> बहुल>>सम्पुर्ण नेपाली स्वामित्व(प्राइभेट),का.म.न.पा.-६, काठमाण्डौ, बाग्मती 
3,नारायणी नेल्स,Narayani Nails,15,2038-03-08,प्राइभेट >> बहुल>>सम्पुर्ण नेपाली स्वामित्व(प्राइभेट),का.म.न.पा.-०,काठमाण्डौ,बाग्मती
4,गोरक्ष निखिल ज्योती दिव्य विद्याश्रम,Gorakshya Nikhil Jyoti Dibya Vidhyashram,15,2063-01-17,मुनाफा वितरण नगर्ने,का.म.न.पा.-३,काठमाण्डौ,बाग्मती,2078-08-07
5,जियमजि एयरलाइन्स,GMG AIRLINES,15,2064-01-04,मुनाफा वितरण नगर्ने,का.म.न.पा.-०,काठमाण्डौ,बाग्मती
6,जियमजि एयरलाइन्स,GMG AIRLINES,15,2064-01-04,मुनाफा वितरण नगर्ने,काठमाण्डौ,बाग्मती
1,RADHESHYAM RICE OIL &FLOUR MILLS,RADHESHYAM RICE OIL &FLOUR MILLS,16,2010-06-02,प्राइभेट,SARLAHI
2,दि त्रिवेणी इन्जिनीयरीगं वर्कस लिमिटेड,THE TRIVENI ENGINEERING WPRKS LIMITED ,16,2033-03-10,विदेशी कार्यलय >> विदेशी सम्पर्क कार्यलय,काठमाण्डौ,बाग्मती
3,काचो छाला संकलन तथा विकास संस्थान,KACHO CHALA SAKKALAN TATHA BIKASH SANTHAN,16,2043-10-06,पब्लिक >> गैर सरकारी>>सम्पूर्ण नेपाली स्वामित्व(पब्लिक),हेटौडा न.पा.-०,मकवानपुर,नारायणी
4,रिलायवल इन्स्योरेन्स कं.,Realbal Insurance Co.,16,2050-01-16,पब्लिक >> गैर सरकारी>>सम्पूर्ण नेपाली स्वामित्व(पब्लिक),का.म.न.पा.-३१, काठमाण्डौ, बाग्मती 
5,कार म्याकस नेपाल,Car Max Nepal,16,2063-01-22,मुनाफा वितरण नगर्ने,का.म.न.पा.-९,काठमाण्डौ,बाग्मती
6,भि.एफ.सर्भिसेज (मोरिसस),V.F.Services (Morisas),16,2064-01-05,विदेशी कार्यलय >> विदेशी शाखा कार्यलय,काठमाण्डौं महानगरपालिका-२६,काठमाण्डौ,बागमती,2080-03-08
1,गण्डकी पेट्रोलीयम कंपनी,GANDAKI PETROLIUM COMPANY,17,2031-05-27,प्राइभेट >> बहुल>>सम्पुर्ण नेपाली स्वामित्व(प्राइभेट),पोखरा उप म.न.पा.-१०,कास्की,गण्डकी,2079-08-18
2,जय श्री साबुन उद्योग,Jaya Shree Sabun Udyog,17,2031-11-28,प्राइभेट >> बहुल>>सम्पुर्ण नेपाली स्वामित्व(प्राइभेट),का.म.न.पा.-३१, काठमाण्डौ, बाग्मती 
3,सिद्धार्थ राईस मिल,SIDDHARTH RICE MILL,17,2035-10-08,प्राइभेट >> बहुल>>सम्पुर्ण नेपाली स्वामित्व(प्राइभेट),रुपन्देही,लुम्बिनी,2080-01-13
4,एभरेष्ट ईन्जिनियरिङ्ग प्रोडक्ट,EVEREST ENGINEERING PRODUCT,17,2041-07-19,प्राइभेट >> बहुल>>सम्पुर्ण नेपाली स्वामित्व(प्राइभेट),पोखरा उप म.न.पा.-१०,कास्की,गण्डकी,2073-10-14
5,नेपाल एस.बि.आइ. बैङक्,Nepal SBI Bank,17,2050-01-16,पब्लिक >> सरकारी >> Joint Venture Between government and Public,काठमाण्डौं महानगरपालिका-२८,काठमाण्डौ,बागमती,2079-10-29
6,ब्रिटिस गोर्खा वेलफेयर सोसाइट नेपाल,BRITISH GURKHA WELFARE SOCIETY NEPAL,17,2063-01-24,मुनाफा वितरण नगर्ने,का.म.न.पा.-१६,काठमाण्डौ,बाग्मती
1,HIMALAYAN INSURANCE,HIMALAYAN INSURANCE,18,2012-03-31,प्राइभेट,BHIMPHEDI MAKAWANPUR
2,फ्रिइज एयर फ्रेट नेपाल,CONTINENTAL FREIGHT DISTRIBUTORS NEPAL P.LTD.,18,2049-10-22,प्राइभेट >> बहुल>>सम्पुर्ण नेपाली स्वामित्व(प्राइभेट),का.म.न.पा.-३१, काठमाण्डौ, बाग्मती 
3,नेपाल चर्चिल होटल,Nepal   Churchill   Hotel,18,2050-01-27,पब्लिक >> गैर सरकारी >> Joint Venture between Nepali and foreign company,का.म.न.पा.-३१, काठमाण्डौ, बाग्मती 
4,सिद्धार्थ केयर्स,Siddhartha Cares,18,2063-01-29,मुनाफा वितरण नगर्ने,का.म.न.पा.-६,काठमाण्डौ,बाग्मती
5,बि. बि. सी. वल्र्ड,B.B.C. World,18,2064-04-22,विदेशी कार्यलय >> विदेशी सम्पर्क कार्यलय,का.म.न.पा.-१,काठमाण्डौ,बाग्मती
1,नेपाल सलाई कं,TANKESWAR GARMENT,19,2012-04-21,प्राइभेट >> बहुल>>सम्पुर्ण नेपाली स्वामित्व(प्राइभेट),का.म.न.पा.-६, काठमाण्डौ, बाग्मती 
2,संघई प्लाष्टिक ईण्डष्ट्रिज,SANGHAI PLASTIC INDUSTRIES,19,2043-04-26,प्राइभेट >> बहुल>>सम्पुर्ण नेपाली स्वामित्व(प्राइभेट),का.म.न.पा.-,काठमाण्डौ,बाग्मती,2075-06-09
3,दार्चुला उल ट्रेडिङ कम्पनी,Darchula Wool Trading Company,19,2043-12-30,पब्लिक >> गैर सरकारी>>सम्पूर्ण नेपाली स्वामित्व(पब्लिक),का.म.न.पा.-,काठमाण्डौ,बाग्मती
4,दार्चुला उल ट्रेडिङ कम्पनी,Darchula Wool Trading Company,19,2043-12-30,पब्लिक >> गैर सरकारी>>सम्पूर्ण नेपाली स्वामित्व(पब्लिक),व्यास-०,दार्चुला,महाकाली
5,यति फेसन्स,YETI FASHIONS PVT.LTD,19,2049-10-22,प्राइभेट >> बहुल>>सम्पुर्ण नेपाली स्वामित्व(प्राइभेट),का.म.न.पा.-२, काठमाण्डौ, बाग्मती 
6,स्वतन्त्र समाचार सेवा,Swatantra Samachar Sewa,19,2063-01-31,मुनाफा वितरण नगर्ने,का.म.न.पा.-११,काठमाण्डौ,बाग्मती,2079-10-24
7,स्टाटक्राफ्ट सिङ्गापुर पिटिई लि.,Statkraft Holding Singapore Pte. Ltd.,19,2064-05-25,विदेशी कार्यलय >> विदेशी सम्पर्क कार्यलय,ललितपुर उप म.न.पा.-०,ललितपुर,बाग्मती,2071-09-08
1,NEPAL AGENCY LIMITED,NEPAL AGENCY LIMITED,20,2012-08-12,प्राइभेट,INDRACHOWK
2,श्री प्रसाद राईस मिल,Shree Prasad Rice Mill,20,2043-05-27,प्राइभेट >> बहुल,शिवमन्दिर-०३,नवलपरासी,लुम्बिनी
3,प्लाष्‍टिक ट्रेडिङ्ग कम्पनी,Plastic Trading Company,20,2044-01-22,पब्लिक >> गैर सरकारी>>सम्पूर्ण नेपाली स्वामित्व(पब्लिक),का.म.न.पा.-३१, काठमाण्डौ, बाग्मती 
4,विजय ट्रान्सपोर्ट,Pragya Holdings,20,2049-10-22,प्राइभेट >> बहुल>>सम्पुर्ण नेपाली स्वामित्व(प्राइभेट),का.म.न.पा.-३१, काठमाण्डौ, बाग्मती 
5,क्रिष्‍टल भिजन फाउण्डेशन,Crystal Vision Foundation,20,2063-02-18,मुनाफा वितरण नगर्ने,का.म.न.पा.-१०,काठमाण्डौ,बाग्मती
1,NEPAL IRON & STEEL CORPORATION,NEPAL IRON & STEEL CORPORATION,21,2012-11-08,प्राइभेट
2,फीसटेल पेपर ईण्डष्ट्रिज,Fishtail Paper Industries,21,2035-12-07,प्राइभेट >> बहुल>>सम्पुर्ण नेपाली स्वामित्व(प्राइभेट),पोखरा उप म.न.पा.-१६,कास्की,गण्डकी
3,राष्‍ट्रिय व्यापार कं,Rastriya Byapar Co.,21,2044-10-22,पब्लिक >> सरकारी >> सम्पूर्ण स्वामित्व,का.म.न.पा.-०,काठमाण्डौ,बाग्मती
4,क्वालिटी प्लाष्‍टक ईण्डष्‍ट्रीज,Kwality Plastic Industries,21,2048-04-09,प्राइभेट >> बहुल,भरतपुर न.पा.-०२,चितवन,नारायणी
5,सन्चिति विकास केन्द्र,Sanchiti Bikash Kosh,21,2063-02-28,मुनाफा वितरण नगर्ने,वीरगंज उ.न.पा.,-15, पर्सा, नारायणी
6,वेस्टर्न युनियन फाइनान्सीयल स्रभिसेज जिएमविएच,WESTERN UNION FINANCIAL SERVICES GmbH,21,2064-06-03,विदेशी कार्यलय >> विदेशी सम्पर्क कार्यलय,का.म.न.पा.-३२,काठमाण्डौ,बाग्मती
1,RAM MILLS,RAM MILLS,22,2012-11-11,प्राइभेट
2,बिश्व काष्ठ उद्योग,Bishwo Kastha Udhyog,22,2032-02-01,प्राइभेट >> बहुल,काठमाण्डौं महानगरपालिका-०,काठमाण्डौ,बागमती,2078-10-03
3,पुर्वाञ्चल प्लास्टिक,Purbanchal  Plastic,22,2045-01-16,पब्लिक >> गैर सरकारी>>सम्पूर्ण नेपाली स्वामित्व(पब्लिक),विराटनगर उप म.न.पा.-०,मोरंग,कोशी
4,रोजगार विकास केन्द्र,Rojgar Bikesh Kendra,22,2063-03-11,मुनाफा वितरण नगर्ने,का.म.न.पा.-३३,काठमाण्डौ,बाग्मती
1,NEPAL DAIRY LTD.,NEPAL DAIRY LTD.,23,2012-12-29,प्राइभेट,LALITPUR-1
2,काठमाडौं ब्यापार कम्पनी,Kathmandu  Byapar  Company,23,2045-01-27,पब्लिक >> गैर सरकारी>>सम्पूर्ण नेपाली स्वामित्व(पब्लिक),का.म.न.पा.-,काठमाण्डौ,बाग्मती
3,सुन्दर ढोका साथी सेवा,Sundar Dokha Saathi Sewa,23,2063-03-15,मुनाफा वितरण नगर्ने,ललितपुर उप म.न.पा.-13, ललितपुर, 13, मध्यमाञ्चल बिकास क्षेत्र
1,गौतम एण्ड कम्पनि,Gautam and Company,24,2024-05-29,प्राइभेट >> बहुल>>सम्पुर्ण नेपाली स्वामित्व(प्राइभेट),का.म.न.पा.-६, काठमाण्डौ, बाग्मती 
2,ए.वी.सी. इण्डीया,A.B.C. India ,24,2036-12-27,पब्लिक >> गैर सरकारी >> Joint Venture between Nepali and foreign company,का.म.न.पा.-०,काठमाण्डौ,बाग्मती
3,ग्रिन हिल ट्रेडिङ्ग कम्पनी,Greenhill  Trading  Company,24,2045-03-12,पब्लिक >> गैर सरकारी>>सम्पूर्ण नेपाली स्वामित्व(पब्लिक),धरान न.पा.-,सुनसरी,कोशी
4,डि फण्ड रेजर,D Fund Raiser,24,2063-03-16,मुनाफा वितरण नगर्ने,गोंगवु-७,काठमाण्डौ,बाग्मती
5,कोने इलिभेटर इण्डिया,Kone Elevator India,24,2064-09-04,विदेशी कार्यलय >> विदेशी शाखा कार्यलय,टोखा नगरपालिका-८,काठमाण्डौ,बागमती
1,मोरङग ट्रेडिङग कम्पनि,Morang Trading Company,26,2013-11-25,प्राइभेट >> बहुल>>सम्पुर्ण नेपाली स्वामित्व(प्राइभेट),रंगेली-0, मोरंग, कोशी, पुर्वाञ्चल बिकाष क्षेत्र
2,नेपाल स्न्याक्स,Nepal Snacks ,26,2042-11-30,प्राइभेट >> बहुल>>सम्पुर्ण नेपाली स्वामित्व(प्राइभेट),पोखरा उप म.न.पा.-३,कास्की,गण्डकी
3,हिमालय सिन्थेटिक लेदर ट्रेडिंग कम्पनी,Himalaya Synthetic Leather Trading Company,26,2045-08-29,पब्लिक >> गैर सरकारी>>सम्पूर्ण नेपाली स्वामित्व(पब्लिक),ललितपुर उप म.न.पा.-०,ललितपुर,बाग्मती
4,नेपाल भ्याली इन्टरप्राइजेज,NEPAL VALLEY ENTERPRISES PVT.LTD,26,2049-10-25,प्राइभेट >> बहुल>>सम्पुर्ण नेपाली स्वामित्व(प्राइभेट),का.म.न.पा.-२, काठमाण्डौ, बाग्मती 
5,नेपाल इन्ष्‍टिच्युट अफ कम्पनी सेक्रेटरी,Nepal Institute Of Company Secretary,26,2063-04-02,मुनाफा वितरण नगर्ने,का.म.न.पा.-३२,काठमाण्डौ,बाग्मती
1,लक्ष्मी पाउरोटी भण्डारी,Laxmi Pavroti  Bhander,27,2036-10-07,प्राइभेट >> बहुल>>सम्पुर्ण नेपाली स्वामित्व(प्राइभेट),पोखरा उप म.न.पा.-0, कास्की, 13, पश्चिमाञ्चल बिकास क्षेत्र,2079-09-28
2,मोदी रबर लिमिटेड,MODI  RUBBER LTD,27,2040-04-09,विदेशी कार्यलय >> विदेशी शाखा कार्यलय,का.म.न.पा.-,काठमाण्डौ,बाग्मती
3,क्वाली पेक इण्डष्‍ट्रिज,QUALI-PACK INDUSTRIES PVT.LTD,27,2049-10-25,प्राइभेट >> बहुल>>सम्पुर्ण नेपाली स्वामित्व(प्राइभेट),वीरगंज उ.न.पा.-0, पर्सा, 13, मध्यमाञ्चल बिकास क्षेत्र
4,नर्भिक एक्सर्ट्स ईन्टरनेशनल हस्पिटल,Norvic Escorts International Hospital,27,2050-03-17,पब्लिक >> सरकारी >> सम्पूर्ण स्वामित्व,का.म.न.पा.-३१, काठमाण्डौ, बाग्मती 
5,आश्रय निकेत,Aasraya Niket,27,2063-04-08,मुनाफा वितरण नगर्ने,का.म.न.पा.-६,काठमाण्डौ,बाग्मती
1,सुरभि ट्रेडिङग,Surbhi Trading,28,2031-11-02,प्राइभेट >> बहुल>>सम्पुर्ण नेपाली स्वामित्व(प्राइभेट),का.म.न.पा.-६, काठमाण्डौ, बाग्मती 
2,हिमांशु ट्रेडिङ कम्पनी,Himansu Trading company,28,2045-11-30,पब्लिक >> गैर सरकारी>>सम्पूर्ण नेपाली स्वामित्व(पब्लिक),का.म.न.पा.-०,काठमाण्डौ,बाग्मती
3,रम्दुण्‍ 'गो' ट्रेक्स एक्सपिडिसनस्,RAMDUNG "GO" TREKKS AND EXPEDITION,28,2049-10-25,प्राइभेट >> बहुल>>सम्पुर्ण नेपाली स्वामित्व(प्राइभेट),का.म.न.पा.-,काठमाण्डौ,बाग्मती
4,ब्रिटिश गोरखा रिसर्च एण्ड डेभलपमेन्ट सेन्टर,British-Gorkha Research And Development Centre,28,2063-04-09,मुनाफा वितरण नगर्ने,किर्तिपुर नगरपालिका-१४,काठमाण्डौ,बाग्मती
5,साविक इण्डिया,Sabic India,28,2065-02-19,विदेशी कार्यलय >> विदेशी सम्पर्क कार्यलय,काठमाण्डौ,बाग्मती
1,एक्पोर्ट ट्रेडिङग,Export Trading,29,2032-01-04,प्राइभेट >> बहुल>>सम्पुर्ण नेपाली स्वामित्व(प्राइभेट),का.म.न.पा.-६, काठमाण्डौ, बाग्मती 
2,पाठक आयल इन्ड्रस्ट्रीज,Pathak Oil Industries,29,2049-06-05,प्राइभेट >> बहुल>>सम्पुर्ण नेपाली स्वामित्व(प्राइभेट),का.म.न.पा.-०,काठमाण्डौ,बाग्मती,2076-03-12
3,आर.एम. आर. इन्जिरिङ्ग,R.M.R. ENGINEERING PVT.LTD,29,2049-10-26,प्राइभेट >> बहुल>>सम्पुर्ण नेपाली स्वामित्व(प्राइभेट),का.म.न.पा.-१७, काठमाण्डौ, बाग्मती 
4,श्री नेपाल बोर्डस,SRI NEPAL BOARDS,29,2052-03-23,पब्लिक >> गैर सरकारी>>सम्पूर्ण नेपाली स्वामित्व(पब्लिक),का.म.न.पा.-,काठमाण्डौ,बाग्मती,2078-09-19
5,श्री साई श्‍वास्थ्य सेवा,Shree Sai Sawstha Sewa,29,2063-04-18,मुनाफा वितरण नगर्ने,ललितपुर उप म.न.पा.-३,ललितपुर,बाग्मती,2079-11-08
6,वल्डर्ड लर्निङ्ग इंक,World Learning Inc,29,2065-04-21,विदेशी कार्यलय >> विदेशी सम्पर्क कार्यलय,काठमाण्डौ,बाग्मती,2074-08-25
1,NEPAL HIDE & SKIN PROCESSING P.LTD.,NEPAL HIDE & SKIN PROCESSING P.LTD.,30,2032-07-10,प्राइभेट,BIRGANJ, PARSHA,2075-04-22
2,फुड ट्रेडिङ कर्पोर्रेशन,Food  Trading  Corporation,30,2046-02-10,पब्लिक >> गैर सरकारी>>सम्पूर्ण नेपाली स्वामित्व(पब्लिक),का.म.न.पा.-३१, काठमाण्डौ, बाग्मती 
3,ईन्टिग्रेटेड सोसियल सर्भिस सेन्टर,Intergrated Social Service Center,30,2063-04-19,मुनाफा वितरण नगर्ने,का.म.न.पा.-३५,काठमाण्डौ,बाग्मती
1,नेपाल ट्रेडिङ्ग कन्सर्न,Nepal Trading Concern,31,2027-05-19,प्राइभेट >> बहुल>>सम्पुर्ण नेपाली स्वामित्व(प्राइभेट),विराटनगर उप म.न.पा.-१६,मोरंग,कोशी,2079-11-11
2,नेपाल सप्‍लाइ कम्‍पनी,NEPAL SUPPLY COMPANY,31,2046-03-02,पब्लिक >> गैर सरकारी>>सम्पूर्ण नेपाली स्वामित्व(पब्लिक),का.म.न.पा.-,काठमाण्डौ,बाग्मती
3,इन्डिपेण्डेण्ट पब्लिसर्स,INDEPEDENT PUBLISHER GROUP PVT.LTD,31,2049-10-26,प्राइभेट >> बहुल>>सम्पुर्ण नेपाली स्वामित्व(प्राइभेट),का.म.न.पा.-३१, काठमाण्डौ, बाग्मती 
4,एभरेष्‍ट सुगर एण्ड केमिकल इन्ड्‍ट्रिज,Everesr sugar and chemical industries,31,2050-04-14,पब्लिक >> सरकारी >> सम्पूर्ण स्वामित्व,थाहा नभएको,-0, थाहा नभएको, थाहा नभएको
5,नयाँ विहानी,NAYA BIHANI,31,2063-04-23,मुनाफा वितरण नगर्ने,ललितपुर उप म.न.पा.-०,ललितपुर,बाग्मती
6,इण्टरनेशनल सर्टिफिकेशन सर्भिसेज,INTERNATIONAL CERTIFICATION SERVICES,31,2065-07-18,विदेशी कार्यलय >> विदेशी शाखा कार्यलय,काठमाण्डौं महानगरपालिका-२९,काठमाण्डौ,३,2079-10-27
1,RAGHUPATI JUTE MILLS,RAGHUPATI JUTE MILLS,32,2003-05-07,प्राइभेट,2080-02-30
2,नेपाल प्रेस ट्रेडिङ्ग कम्‍पनी,Nepal Press Trading Company,32,2046-03-01,पब्लिक >> गैर सरकारी>>सम्पूर्ण नेपाली स्वामित्व(पब्लिक),का.म.न.पा.-०,काठमाण्डौ,बाग्मती
3,नेपाल टेपिस,NEPAL TEPPICH,32,2050-07-27,प्राइभेट >> बहुल>>सम्पुर्ण नेपाली स्वामित्व(प्राइभेट),का.म.न.पा.-१३,काठमाण्डौ,बाग्मती
4,विनोद साहित्‍यिक प्रतिष्‍ठान,Binod Sahityik Pratisthan,32,2063-05-09,मुनाफा वितरण नगर्ने,का.म.न.पा.-३२,काठमाण्डौ,बाग्मती
1,अच्युत आईल मिल,ACHYUT RICE OIL MILLS,33,2014-04-04,प्राइभेट >> बहुल>>सम्पुर्ण नेपाली स्वामित्व(प्राइभेट),विराटनगर उप म.न.पा.,-8, मोरंग, कोशी
2,जय श्री कम्पनी,JAY SHREE COMPANY,33,2036-10-13,प्राइभेट >> बहुल>>सम्पुर्ण नेपाली स्वामित्व(प्राइभेट),टंकिसिनवारी-१,मोरंग,कोशी,2079-11-23
3,वागमती व्यापार कम्पनी,Bagmati Byapar Company,33,2046-03-01,पब्लिक >> गैर सरकारी>>सम्पूर्ण नेपाली स्वामित्व(पब्लिक),का.म.न.पा.-१२,काठमाण्डौ,बाग्मती
4,इन्टरनेशनल फर्मास्टुटिकल ग्रुप (नेपाल ),INTERNATIONAL PHARMACEUTICAL GROUP NEPAL PVT.,33,2049-10-27,प्राइभेट >> बहुल>>सम्पुर्ण नेपाली स्वामित्व(प्राइभेट),फोकसिंटार, काभ्रेपलान्चोक, बाग्मती, मध्यमाञ्चल बिकास क्षेत्र
5,द इन्टरनेशनल नेचर लभिङ्ग एसोसियशन,The International Nature Loving Association,33,2063-06-03,मुनाफा वितरण नगर्ने,का.म.न.पा.-६,काठमाण्डौ,बाग्मती
6,मर एण्ड कम्पनी (१९८२),MER & COMPANY (1982),33,2065-11-30,विदेशी कार्यलय >> विदेशी शाखा कार्यलय,काठमाण्डौ,बाग्मती
1,मुस्ताङ्ग टी स्टेट,Mustang Tea Estate,34,2032-11-11,प्राइभेट >> बहुल>>सम्पुर्ण नेपाली स्वामित्व(प्राइभेट),का.म.न.पा.,-31, काठमाण्डौ, बाग्मती
2,ड्यानिस टर्नकी डाएरिज (दक्षिण पुर्व एशिया),Danish Turnkey Dairies(South East  Asia) Ltd,34,2043-10-16,विदेशी कार्यलय >> विदेशी सम्पर्क कार्यलय,काठमाण्डौ,बाग्मती
3,नेशनल विल्डिङ्ग कन्सट्रक्सन्स कपोरेसन,National Buildings Construction Corporation ,34,2043-10-22,विदेशी कार्यलय >> विदेशी सम्पर्क कार्यलय,काठमाण्डौ,बाग्मती
4,नेपाल व्यापार कम्पनी,Nepal Bayapar Company,34,2046-03-25,पब्लिक >> गैर सरकारी>>सम्पूर्ण नेपाली स्वामित्व(पब्लिक),का.म.न.पा.,-31, काठमाण्डौ, बाग्मती
5,नेपाल पर्यटक परामर्श सेवा,NEPAL PARYATAK PARAMARSHA SEWA PVT.LTD,34,2049-10-27,प्राइभेट >> बहुल>>सम्पुर्ण नेपाली स्वामित्व(प्राइभेट),का.म.न.पा.-३४, काठमाण्डौ, बाग्मती 
6,साउथ एशियन इन्स्टिच्युट फर डेभलपमेन्ट स्टडिज,South Asian Institute For Development Studies,34,2063-06-04,मुनाफा वितरण नगर्ने,का.म.न.पा.-३२,काठमाण्डौ,बाग्मती
7,जेड.टि. ई. कर्पोरेशन,ZTE Corporation,34,2065-12-14,विदेशी कार्यलय >> विदेशी शाखा कार्यलय,काठमाण्डौ,बाग्मती,2076-10-20
1,JALJALA SISHU SADAN,JALJALA SISHU SADAN,35,2014-11-23,प्राइभेट
2,श्री जलाजला सिनेमा,Shree Jaljala Cinema,35,2014-11-23,प्राइभेट >> बहुल>>सम्पुर्ण नेपाली स्वामित्व(प्राइभेट),विराटनगर उप म.न.पा.-,मोरंग,कोशी
3,वेस्टर्न नेपाल ट्रेडिङ्ग,Western Nepal Trading,35,2046-05-09,पब्लिक >> गैर सरकारी>>सम्पूर्ण नेपाली स्वामित्व(पब्लिक),बुटवल न.पा.,-0, रुपन्देही, लुम्बिनी
4,हाइ एडभेन्चर सर्भिस,HIGH ADVENTRUE SERVICES PVT.LTD,35,2049-10-27,प्राइभेट >> बहुल>>सम्पुर्ण नेपाली स्वामित्व(प्राइभेट),का.म.न.पा.-३१, काठमाण्डौ, बाग्मती 
5,पवन मन्जु ओझा फाउण्डेशन,Pawan Manju Ojha Foundation,35,2063-06-09,मुनाफा वितरण नगर्ने,का.म.न.पा.-९,काठमाण्डौ,बाग्मती
6,अन मोबाईल ग्लोबल लिमिटेड,On Mobile Global Limited,35,2065-12-18,विदेशी कार्यलय >> विदेशी शाखा कार्यलय,काठमाण्डौं महानगरपालिका-१,काठमाण्डौ,३,2079-09-05
1,GAUR RICE, OIL & FLOUR MILLS (NEPAL) PVT. LTD,GAUR RICE, OIL & FLOUR MILLS (NEPAL) PVT. LTD,36,2003-07-19,पब्लिक >> गैर सरकारी >> Joint Venture between Nepali and foreign company,2079-10-22
2,अविनाश इण्डष्ट्रिज ,Avinash Industries,36,2032-12-13,प्राइभेट >> बहुल>>सम्पुर्ण नेपाली स्वामित्व(प्राइभेट),का.म.न.पा.-,काठमाण्डौ,बाग्मती,2072-11-13
3,नेपाल सुदुर पश्‍चिमाञ्चल ब्यापार कं.,Nepal Sudur Pashmanchal Babyapar Co.,36,2046-06-09,पब्लिक >> गैर सरकारी>>सम्पूर्ण नेपाली स्वामित्व(पब्लिक),टिकापुर नगरपालिका,-0, कैलाली, सेती
4,सिद्दि गणेश ह्‍याचरी,Siddhi Ganesh Hastchery,36,2046-11-23,प्राइभेट >> बहुल,दधिकोट-०९,भक्तपुर,बाग्मती
5,दन्तकाली प्लास्टिक इण्डष्‍ट्रिज,DANTAKALI PLASTIC INDUSTREIS PVT.LTD,36,2049-10-27,प्राइभेट >> बहुल>>सम्पुर्ण नेपाली स्वामित्व(प्राइभेट),इटहरी न.पा.,-0, सुनसरी, कोशी
6,कमर्सियल एग्रिकल्चर एलायन्स,Commercial Agriculture Alliance,36,2063-06-12,मुनाफा वितरण नगर्ने,विराटनगर उप म.न.पा.-१७,मोरंग,कोशी,2079-10-05
1,अबिरा,Aabira,37,2032-05-17,प्राइभेट >> बहुल>>सम्पुर्ण नेपाली स्वामित्व(प्राइभेट),का.म.न.पा.,-31, काठमाण्डौ, बाग्मती
2,ग्लाक्सो ओरियण्ट,Glaxo Orient,37,2044-04-17,प्राइभेट >> एकल,का.म.न.पा.-०,काठमाण्डौ,बाग्मती
3,हिमालय रोड रनर्स,HIMALAYAN NEPAL RIDERS PVT.LTD,37,2049-10-28,प्राइभेट >> बहुल>>सम्पुर्ण नेपाली स्वामित्व(प्राइभेट),महादेवस्थान,-0, काठमाण्डौ, बाग्मती
4,के.एम.ट्रेडिङ कं.,K.M.Trading Co.,37,2050-05-20,पब्लिक >> गैर सरकारी>>सम्पूर्ण नेपाली स्वामित्व(पब्लिक),का.म.न.पा.-१०,काठमाण्डौ,बाग्मती
5,दिदी बहिनी फाउण्डेशन नेपाल,Didi Bahiani Founadtion Nepal,37,2063-06-12,मुनाफा वितरण नगर्ने,का.म.न.पा.-१३,काठमाण्डौ,बाग्मती
6,जकसन लिमिटेड,Jakson Limited,37,2066-12-18,विदेशी कार्यलय >> विदेशी सम्पर्क कार्यलय,का.म.न.पा.-३,काठमाण्डौ,बाग्मती,2078-09-27
1,नेपाल को-अपरेटिभ मेडिकल सल्पायर्स,Nepal Co-Operative Medical Suppliers,38,2003-07-27,पब्लिक >> गैर सरकारी>>सम्पूर्ण नेपाली स्वामित्व(पब्लिक),का.म.न.पा.,-31, काठमाण्डौ, बाग्मती
2,नेपाल  कन्सट्रक्सन एण्ड इन्जिनियरिङ्ग कर्पोरेशन,NEPAL CONSTRUCTION AND ENGNEERING CORPORESAN,38,2015-06-05,प्राइभेट >> बहुल,का.म.न.पा.-,काठमाण्डौ,बाग्मती,2080-03-22
3,नेपाल आयल निगम,NEPAL OIL CORPORATION,38,2031-09-05,पब्लिक >> सरकारी >> सम्पूर्ण स्वामित्व,का.म.न.पा.-,काठमाण्डौ,बाग्मती,2076-04-27
4,सिगांपुर एयर लाइन्‍स,singapore airliness,38,2044-04-02,विदेशी कार्यलय >> विदेशी शाखा कार्यलय,काठमाण्डौ,बाग्मती
5,नेपाल आवास  फाइनान्स,NEPAL AWAS FINANCE,38,2046-12-06,पब्लिक >> सरकारी >> सम्पूर्ण स्वामित्व,का.म.न.पा.-३५,काठमाण्डौ,बाग्मती,2073-01-07
6,सफ्फह आइडीयल एकेडेमी,Suffah Ideal Academy,38,2063-06-30,मुनाफा वितरण नगर्ने,वीरगंज उ.न.पा.-९,पर्सा,नारायणी,2079-11-21
7,बिमान बङ्गलादेश एयरलाइन्स,Biman Bangladesh Airlines,38,2067-01-27,विदेशी कार्यलय >> विदेशी शाखा कार्यलय,काठमाण्डौ,बागमती,2079-06-30
1,नर्दर्न ईन्डस्ट्रियल कर्पोरेशन,Nurdun Industrial Carporetion,39,2015-05-22,प्राइभेट >> बहुल>>सम्पुर्ण नेपाली स्वामित्व(प्राइभेट),थाहा नभएको,-0, थाहा नभएको, थाहा नभएको
2,गणेश बेकरी,Ganesh Bekary ,39,2037-02-13,प्राइभेट >> बहुल,हेटौडा न.पा.-१०,मकवानपुर,नारायणी
3,नेपाल हस्तकला कम्पनि,Nepal Handicraft Company,39,2047-01-13,पब्लिक >> सरकारी >> सम्पूर्ण स्वामित्व,का.म.न.पा.,-2, काठमाण्डौ, बाग्मती
4,जयसंगत,JayaSangat,39,2063-07-03,मुनाफा वितरण नगर्ने,का.म.न.पा.-३४,काठमाण्डौ,बाग्मती
5,सिता बि.भि,Sita B.V,39,2067-05-30,विदेशी कार्यलय >> विदेशी शाखा कार्यलय,काठमाण्डौं महानगरपालिका-२२,काठमाण्डौ,बागमती,2079-05-30
1,काठमाण्डौ स्टेशनरी इण्डष्‍ट्रज,Khamandu Stationery  Industries,40,2033-03-08,प्राइभेट >> बहुल>>सम्पुर्ण नेपाली स्वामित्व(प्राइभेट),का.म.न.पा.-३१, काठमाण्डौ, बाग्मती 
2,सिग्देल मुद्राणालय,SIGDEL MUDRANALYA,40,2038-07-30,प्राइभेट >> बहुल>>सम्पुर्ण नेपाली स्वामित्व(प्राइभेट),पोखरा उप म.न.पा.-४,कास्की,गण्डकी
3,ई मार्क,E Merck,40,2045-02-05,विदेशी कार्यलय,नेपालगंज न.पा.-१७, बाके, भेरी 
4,सहकारी गलैचा निर्यात कं.,Shahakari  Carpet Export Co.,40,2047-04-02,पब्लिक >> गैर सरकारी>>सम्पूर्ण नेपाली स्वामित्व(पब्लिक),का.म.न.पा.-१६,काठमाण्डौ,बाग्मती
5,योगेश्‍वर स्मृति प्रतिष्‍ठान,Yogeshwar Smriti Pratisthan,40,2063-07-17,मुनाफा वितरण नगर्ने,का.म.न.पा.-३५,काठमाण्डौ,बाग्मती
6,मशरक बैक पि.एस.सी.,Mashreq Bank P.S.C.,40,2067-06-21,विदेशी कार्यलय >> विदेशी शाखा कार्यलय,का.म.न.पा.-०,काठमाण्डौ,बाग्मती
1,डाभस् इन्टरप्राइजेज,Davs Enterprises,41,2032-06-24,प्राइभेट >> बहुल>>सम्पुर्ण नेपाली स्वामित्व(प्राइभेट),का.म.न.पा.-३१, काठमाण्डौ, बाग्मती ,2080-03-10
2,टर्नर इन्टरनेशनल,Turner International,41,2045-03-16,प्राइभेट >> बहुल>>सम्पुर्ण नेपाली स्वामित्व(प्राइभेट),का.म.न.पा.-०,काठमाण्डौ,बाग्मती
3,दि ओरियण्टल आइस एण्ड स्टिल इण्डष्ट्री,ORIENTAL (THE) IRON AND STEEL IND PVT.LTD.,41,2049-10-29,प्राइभेट >> बहुल>>सम्पुर्ण नेपाली स्वामित्व(प्राइभेट),इ६हरी नगरपालिका-0, सुनसरी, 12, पुर्वाञ्चल बिकाष क्षेत्र
4,पण्डित माधव प्रसाद देवकोटा अनुसन्धान केन्द्र नेपाल,Pandit Madhav Prasad Devkota Anusandhan Kendra Nepal,41,2063-07-23,मुनाफा वितरण नगर्ने,का.म.न.पा.-२,काठमाण्डौ,बाग्मती
1,STANDARD PRINTING PRESS,STANDARD PRINTING PRESS,42,2024-01-08,प्राइभेट,KSHETRAPATI KATHMAND
2,अक्सफोर्ड कम्प्युटर इन्टरनेशनल,OXFORD COMPUTER INTERNATIONAL PVT.LTD,42,2049-11-01,प्राइभेट >> बहुल>>सम्पुर्ण नेपाली स्वामित्व(प्राइभेट),का.म.न.पा.-३२, काठमाण्डौ, बाग्मती 
3,एस बि टेर्डिङ,S.B TRADING,42,2050-06-10,पब्लिक >> गैर सरकारी>>सम्पूर्ण नेपाली स्वामित्व(पब्लिक),का.म.न.पा.-१४,काठमाण्डौ,बाग्मती,2073-05-31
4,पावर टु पिपुल एशोसिएसन,Power To Pepole Association,42,2063-07-27,मुनाफा वितरण नगर्ने,का.म.न.पा.-३,काठमाण्डौ,बाग्मती
1,युनाईटेड ट्रेडर्स  सिण्डीकट,UNITED TRADERS SYNDICATE,43,2028-03-04,प्राइभेट >> बहुल>>सम्पुर्ण नेपाली स्वामित्व(प्राइभेट),का.म.न.पा.-१४,काठमाण्डौ,बाग्मती,2079-10-19
2,युनाईटेड ट्रेडर्स  सिण्डीकट,UNITED TRADERS SYNDICATE,43,2028-03-04,प्राइभेट >> बहुल>>सम्पुर्ण नेपाली स्वामित्व(प्राइभेट),का.म.न.पा.-१६,काठमाण्डौ,बाग्मती,2079-10-19
3,युनाईटेड ट्रेडर्स  सिण्डीकट,UNITED TRADERS SYNDICATE,43,2028-03-04,प्राइभेट >> बहुल>>सम्पुर्ण नेपाली स्वामित्व(प्राइभेट),का.म.न.पा.-३५,काठमाण्डौ,बाग्मती,2079-10-19
4,युनाईटेड ट्रेडर्स  सिण्डीकट,UNITED TRADERS SYNDICATE,43,2028-03-04,प्राइभेट >> बहुल>>सम्पुर्ण नेपाली स्वामित्व(प्राइभेट),का.म.न.पा.-४,काठमाण्डौ,बाग्मती,2079-10-19
5,हिट्को,Hitco,43,2032-08-07,प्राइभेट >> बहुल>>सम्पुर्ण नेपाली स्वामित्व(प्राइभेट),का.म.न.पा.-३,काठमाण्डौ,बाग्मती,2077-11-10
6,साइपेम कंपनी,Saipem  Company,43,2045-12-02,विदेशी कार्यलय >> विदेशी सम्पर्क कार्यलय,काठमाण्डौ,बाग्मती
7,मयुर ट्रेडिङ कं.,Mayur  Trading Co.,43,2047-10-06,पब्लिक >> गैर सरकारी>>सम्पूर्ण नेपाली स्वामित्व(पब्लिक),का.म.न.पा.-१३,काठमाण्डौ,बाग्मती
8,इन्भेष्‍टमेन्ट डेभलपमेन्ट सेन्टर,Investment Development Center,43,2063-07-28,मुनाफा वितरण नगर्ने,का.म.न.पा.-४,काठमाण्डौ,बाग्मती
1,मोरंग सुगर मिल्स,MORANG SUGAR MILLS,44,2003-12-21,पब्लिक >> गैर सरकारी>>सम्पूर्ण नेपाली स्वामित्व(पब्लिक),विराटनगर उप म.न.पा.-२०,मोरंग,कोशी,2078-03-16
2,स्लमवर्जर लोगेल्को इन्क,Schlumberger Logelco Inc,44,2046-01-18,विदेशी कार्यलय >> विदेशी शाखा कार्यलय,काठमाण्डौ,बाग्मती
3,जयश्री ट्रेडिङ,Jayshree Trading,44,2047-10-25,पब्लिक >> गैर सरकारी>>सम्पूर्ण नेपाली स्वामित्व(पब्लिक),का.म.न.पा.-०,काठमाण्डौ,बाग्मती
4,मनोकामना ट्रान्सपोर्ट सर्भिस,MANAKAMANA TRANSPORT SERVICES PVT.LTD,44,2049-11-01,प्राइभेट >> बहुल>>सम्पुर्ण नेपाली स्वामित्व(प्राइभेट),तिनथाना-7, काठमाण्डौ, बाग्मती, मध्यमाञ्चल बिकास क्षेत्र
5,महागुठी नेपाल,Mahaguthi Nepal,44,2063-07-30,मुनाफा वितरण नगर्ने,ललितपुर उप म.न.पा.-10, ललितपुर, 13, मध्यमाञ्चल बिकास क्षेत्र,2078-10-07
1,लास्को नेपाल ,Lasko Nepal ,45,2032-08-21,प्राइभेट >> बहुल>>सम्पुर्ण नेपाली स्वामित्व(प्राइभेट),का.म.न.पा.-,काठमाण्डौ,बाग्मती
2,लास्को नेपाल,Lasko Nepal ,45,2032-08-21,प्राइभेट >> बहुल>>सम्पुर्ण नेपाली स्वामित्व(प्राइभेट),का.म.न.पा.-०,काठमाण्डौ,बाग्मती
3,नेपाल व्याम्बो एण्ड एलाइड इण्डष्‍ट्रिज,Nepal Byambo & Allide Industries,45,2033-06-28,प्राइभेट >> बहुल>>सम्पुर्ण नेपाली स्वामित्व(प्राइभेट),का.म.न.पा.-३१, काठमाण्डौ, बाग्मती 
4,हिमाल फुटवेयर इन्डष्ट्रीज,HIMAL FOOTWEAR INDUSTRIES,45,2044-09-23,प्राइभेट >> बहुल>>सम्पुर्ण नेपाली स्वामित्व(प्राइभेट),का.म.न.पा.-१७,काठमाण्डौ,बाग्मती,2079-09-06
5,रेनवक्सी लेव्रोटरिज लिमिटेड,Ranbaxy  Laboratories ltd,45,2046-01-27,विदेशी कार्यलय >> विदेशी सम्पर्क कार्यलय,काठमाण्डौ,बाग्मती
6,इम्पेक्स ट्रेड,Impex  Trade,45,2047-10-25,पब्लिक >> गैर सरकारी>>सम्पूर्ण नेपाली स्वामित्व(पब्लिक),का.म.न.पा.-३१, काठमाण्डौ, बाग्मती 
7,माँ जगदम्बा रियल स्टेट,JAGADAMBA (MAA) REAL ESTATE PVT. LTD,45,2049-11-01,प्राइभेट >> बहुल>>सम्पुर्ण नेपाली स्वामित्व(प्राइभेट),का.म.न.पा.-२, काठमाण्डौ, बाग्मती 
8,बुक क्लब फाउन्डेशन,Book Club Foundation,45,2063-08-03,मुनाफा वितरण नगर्ने,का.म.न.पा.-३२,काठमाण्डौ,बाग्मती
9,नु टेक इण्‍डिया,Nu Tek India,45,2067-12-15,विदेशी कार्यलय >> विदेशी शाखा कार्यलय,भक्तपुर न.पा.-१२,भक्तपुर,बाग्मती
1,हंसराज हुलासचन्द एण्ड कम्पनी,HANSRAJ HULASHCHNAD & COMPANY,46,2016-05-07,प्राइभेट >> बहुल>>सम्पुर्ण नेपाली स्वामित्व(प्राइभेट),का.म.न.पा.-१,काठमाण्डौ,बाग्मती,2079-10-17
2,हंसराज हुलासचन्द एण्ड कम्पनी,HANSRAJ HULASHCHNAD & COMPANY,46,2016-05-07,प्राइभेट >> बहुल>>सम्पुर्ण नेपाली स्वामित्व(प्राइभेट),का.म.न.पा.-५,काठमाण्डौ,बाग्मती,2079-10-17
3,हंसराज हुलासचन्द एण्ड कम्पनी,HANSRAJ HULASHCHNAD & COMPANY,46,2016-05-07,प्राइभेट >> बहुल>>सम्पुर्ण नेपाली स्वामित्व(प्राइभेट),ललितपुर उप म.न.पा.-४,ललितपुर,बाग्मती,2079-10-17
4,अपी इन्टरनेशनल,Api International,46,2032-09-02,प्राइभेट >> बहुल>>सम्पुर्ण नेपाली स्वामित्व(प्राइभेट),का.म.न.पा.-३१, काठमाण्डौ, बाग्मती 
5,पशुपति प्लाष्टिक उद्योग,PASHUPATI PLASTICE UDHYOG,46,2044-09-30,प्राइभेट >> बहुल>>सम्पुर्ण नेपाली स्वामित्व(प्राइभेट),बुटवल न.पा.-६,रुपन्देही,लुम्बिनी,2079-10-19
6,सुगम परिवहन प्राईभेट लिमिटेड्,Sugam Parivahan Private Limited,46,2046-07-17,विदेशी कार्यलय >> विदेशी शाखा कार्यलय,काठमाण्डौं महानगरपालिका-२२,काठमाण्डौ,बागमती,2079-10-24
7,नेपाल प्रोग्रेशिव ट्रेडिङ्ग,Nepal Progressive Trading,46,2048-01-19,पब्लिक >> गैर सरकारी>>सम्पूर्ण नेपाली स्वामित्व(पब्लिक),का.म.न.पा.-२५,काठमाण्डौ,बाग्मती
8,नेपाल प्रोग्रेसिव ट्रेडिङ,Nepal Progressive Trading,46,2048-01-19,पब्लिक >> गैर सरकारी,का.म.न.पा.-२५,काठमाण्डौ,बाग्मती
9,नेपाल डेभलपमेन्ट वाच डग्स,Nepal Development Watch Dogs,46,2063-08-05,मुनाफा वितरण नगर्ने,का.म.न.पा.-१०,काठमाण्डौ,बाग्मती
10,हङकङ ड्रागन एयरलाइन्‍स लिमिटेड,Hong Kong Dragon Airlines Limited,46,2067-12-21,विदेशी कार्यलय >> विदेशी सम्पर्क कार्यलय,का.म.न.पा.-१,काठमाण्डौ,बाग्मती
1,इन्टरनेशनल इन्जिनियरिङ एण्ड कमर्सियल कम्पनि,International Engeeniring and comercial company,47,2032-09-18,प्राइभेट >> बहुल>>सम्पुर्ण नेपाली स्वामित्व(प्राइभेट),का.म.न.पा.-३१, काठमाण्डौ, बाग्मती 
2,हिताची प्लाण्ड इन्जिनियरिङ्ग एण्ड कन्स्ट्रक्सन,Hitachi Plant Engineering & Construction,47,2047-09-13,विदेशी कार्यलय >> विदेशी सम्पर्क कार्यलय,काठमाण्डौ,बाग्मती,2075-09-12
3,काष्‍टमण्डप ट्रेडिङग् कम्पनी,Kasthmandap Trading Company,47,2048-01-31,पब्लिक >> गैर सरकारी>>सम्पूर्ण नेपाली स्वामित्व(पब्लिक),का.म.न.पा.-25, काठमाण्डौ, 13, मध्यमाञ्चल बिकास क्षेत्र
4,निर्मल प्रकाशन,NIRMAL PRAKASHAN PVT.LTD,47,2049-11-01,प्राइभेट >> बहुल>>सम्पुर्ण नेपाली स्वामित्व(प्राइभेट),का.म.न.पा.-३१, काठमाण्डौ, बाग्मती 
5,चोभार डेभलपमेन्ट ट्रास्ट,Chobhar Developoment Trust,47,2063-08-15,मुनाफा वितरण नगर्ने,किर्तिपुर नगरपालिका-१४,काठमाण्डौ,बाग्मती
1,मेडिको इन्टरप्राइजेज,MEDICO  ENTERPRISES,48,2032-10-18,प्राइभेट >> बहुल>>सम्पुर्ण नेपाली स्वामित्व(प्राइभेट),का.म.न.पा.-,काठमाण्डौ,बाग्मती,2080-03-24
2,कल्याणि उधोग,kalnyani Udhyog,48,2033-07-19,प्राइभेट >> बहुल>>सम्पुर्ण नेपाली स्वामित्व(प्राइभेट),वीरगंज उ.न.पा.-१५, पर्सा, नारायणी 
3,नेपाल पारवहन तथा गोदाम ब्‍यबस्‍था कम्‍पनी,Nepal Paravana Tatha Godam Bebastha Co.,48,2037-10-03,पब्लिक >> सरकारी,का.म.न.पा.-,काठमाण्डौ,बाग्मती,2079-07-24
4,हिमालयन ट्रेडिङग् कम्पनी,Himalayan Trading Company,48,2048-02-20,पब्लिक >> गैर सरकारी>>सम्पूर्ण नेपाली स्वामित्व(पब्लिक),पर्सा,नारायणी
5,फुल्चोकी टेक्सटायल ई.,FULCHOWKI TEXTILE INDUSTRIES,48,2049-11-03,प्राइभेट >> बहुल>>सम्पुर्ण नेपाली स्वामित्व(प्राइभेट),ललितपुर उप म.न.पा.-8, ललितपुर, 13, मध्यमाञ्चल बिकास क्षेत्र
6,थेन्डुप च्यारिटी सर्भिस,Thendup Charity Service,48,2063-09-10,मुनाफा वितरण नगर्ने,का.म.न.पा.-६,काठमाण्डौ,बाग्मती
7,Aircom International India,Aircom International India,48,2068-04-04,विदेशी कार्यलय >> विदेशी शाखा कार्यलय,का.म.न.पा.-३३,काठमाण्डौ,बाग्मती,2078-12-29
1,एलाइड इन्डस्ट्रियल इन्टरप्राइजर्स,ALLIED INDUSTRIAL ENTERPRISES,49,2016-06-06,प्राइभेट >> बहुल>>सम्पुर्ण नेपाली स्वामित्व(प्राइभेट),का.म.न.पा.-३१, काठमाण्डौ, बाग्मती 
2,निशान्त फर्मास्युटिकल्स,NISHANT PHARMACEUTICAL,49,2032-11-13,प्राइभेट >> बहुल>>सम्पुर्ण नेपाली स्वामित्व(प्राइभेट),काठमाण्डौं महानगरपालिका-१३,काठमाण्डौ,३,2077-04-06
3,फ्लोरा इन्टरनेशनल,Flora International,49,2048-03-09,पब्लिक >> गैर सरकारी>>सम्पूर्ण नेपाली स्वामित्व(पब्लिक),का.म.न.पा.-३२,काठमाण्डौ,बाग्मती
4,मारुशिनसिताका कनस्ट्रक्सन कम्पनि इन्कर्पोरेसन,Marusinsitaka Construction co incoproration,49,2048-11-30,विदेशी कार्यलय,विराटनगर उप म.न.पा.-६, मोरंग, कोशी 
5,चितवन कलर ल्याव,THE TRAIL FINDERS,49,2049-11-03,प्राइभेट >> बहुल>>सम्पुर्ण नेपाली स्वामित्व(प्राइभेट),का.म.न.पा.-३१, काठमाण्डौ, बाग्मती 
6,चितवन कलर ल्याव,Chitwan Color Lab,49,2049-11-22,प्राइभेट >> बहुल>>सम्पुर्ण नेपाली स्वामित्व(प्राइभेट),भरतपुर न.पा.-3, चितवन, 13, मध्यमाञ्चल बिकास क्षेत्र
7,अर्थोपेडिक एसोसियसन अफ सार्क कन्ट्रिज,Orthopaedic Association Of SAARC Countries,49,2063-09-18,मुनाफा वितरण नगर्ने,का.म.न.पा.-४,काठमाण्डौ,बाग्मती
8,बिन्ध्या टेलिलिक्स,Vindhya Telelinks,49,2068-04-04,विदेशी कार्यलय >> विदेशी शाखा कार्यलय,ललितपुर महानगरपालिका-३,ललितपुर,बागमती,2078-10-21
1,टेमपल अफ ट्रेड,Temple Of Trade,50,2032-12-10,प्राइभेट >> बहुल>>सम्पुर्ण नेपाली स्वामित्व(प्राइभेट),का.म.न.पा.-३१, काठमाण्डौ, बाग्मती 
2,एभरेष्ट फर्मास्युटिकल्स,Everest Pharmaceuticals,50,2044-12-18,प्राइभेट >> बहुल>>सम्पुर्ण नेपाली स्वामित्व(प्राइभेट),भक्तपुर न.पा.-१५,भक्तपुर,बाग्मती,2078-12-16
3,लुम्बिनी ट्रेडिङग् कम्पनी,Lumbini Trading Company,50,2048-03-24,पब्लिक >> गैर सरकारी>>सम्पूर्ण नेपाली स्वामित्व(पब्लिक),ललितपुर उप म.न.पा.-२०,ललितपुर,बाग्मती
4,इन्टरनेशनल ईम्प्लाइमेन्ट सर्भिस नेपाल,INTERNATIONAL EMPLOYMENT SERVICE,50,2049-11-03,प्राइभेट >> बहुल>>सम्पुर्ण नेपाली स्वामित्व(प्राइभेट),का.म.न.पा.-३१, काठमाण्डौ, बाग्मती 
5,डेभलपमेन्ट रिसर्च एण्ड सपोर्ट सेन्टर नेपाल,Development Research & Support Center Nepal,50,2063-09-23,मुनाफा वितरण नगर्ने,का.म.न.पा.-३२,काठमाण्डौ,बाग्मती
1,वि आर फर्मास्युटिकल,B R Pharmaceuticals,51,2033-02-08,प्राइभेट >> बहुल>>सम्पुर्ण नेपाली स्वामित्व(प्राइभेट),का.म.न.पा.-३१, काठमाण्डौ, बाग्मती 
2,ग्रिन हिल  टुर्स,Green Hill Tours,51,2049-11-03,प्राइभेट >> बहुल>>सम्पुर्ण नेपाली स्वामित्व(प्राइभेट),का.म.न.पा.-३१, काठमाण्डौ, बाग्मती 
3,काठमाडौ बिल्डर्स,KATHMANDU BUILDERS,51,2050-10-21,पब्लिक >> गैर सरकारी,का.म.न.पा.-१,काठमाण्डौ,बाग्मती
4,काठमाण्डौ विल्डर्स,DANTAKALI  GHARJAGGA BANDOBASTA,51,2050-10-21,पब्लिक >> सरकारी >> सम्पूर्ण स्वामित्व,का.म.न.पा.-३१, काठमाण्डौ, बाग्मती 
5,रिसर्च ल्यावोरटरी फर बायोटेक्नोलोजी एण्ड वायो  केमिष्‍ट्री,Research Laboratory For Biotechnology And Biochemistry,51,2063-10-10,मुनाफा वितरण नगर्ने,का.म.न.पा.-३३,काठमाण्डौ,बाग्मती
6,टेलिकम्युनिकेसन्स् कन्सल्टेन्ट्स इन्डिया लिमिटेड,Telecommunication Consultants India Ltd,51,2068-05-20,विदेशी कार्यलय >> विदेशी शाखा कार्यलय,काठमाण्डौ,बाग्मती,2078-09-23
7,सिल्क एयर (सिंगापुर),SILKAIR (SINGAPORE),51,2068-06-15,विदेशी कार्यलय >> विदेशी शाखा कार्यलय,का.म.न.पा.-३१,काठमाण्डौ,बाग्मती,2073-08-06
1,श्री नारायण प्रसाद राइस एण्ड आयल मिल्स,Shree Narayan Prashad Rice & Oil Mills,52,2013-06-16,प्राइभेट >> बहुल>>सम्पुर्ण नेपाली स्वामित्व(प्राइभेट),मोरंग,१,2080-01-11
2,मनिषा ईटा उद्योग,MANISHA ITTA UDHYOG,52,2049-11-04,प्राइभेट >> बहुल>>सम्पुर्ण नेपाली स्वामित्व(प्राइभेट),कैलाली,सेती
3,शान्ति विद्या गृह अलुम्नाई एशोसियशन,Shanti Vidhya Griha Alumni Association,52,2063-10-15,मुनाफा वितरण नगर्ने,का.म.न.पा.-३०,काठमाण्डौ,बाग्मती
4,जेपी ब्रदर्स मेडिकल पब्लिशर्स ,JAYPEE BROTHERS MEDICAL PUBLISHERS ,52,2068-07-16,विदेशी कार्यलय >> विदेशी सम्पर्क कार्यलय,काठमाण्डौ,बाग्मती,2076-09-25
5,द एशेसियटेड प्रेश,The Associtate Press,52,2068-07-16,विदेशी कार्यलय >> विदेशी शाखा कार्यलय,काठमाण्डौ,बाग्मती
1,HIMALAYAN INDUSTRIES,HIMALAYAN INDUSTRIES,53,2016-06-20,प्राइभेट,विराटनगर उप म.न.पा.-०,मोरंग,कोशी,2075-11-17
2,नेपाल ट्रेडिङग्,Nepal Trading,53,2048-05-27,पब्लिक >> गैर सरकारी>>सम्पूर्ण नेपाली स्वामित्व(पब्लिक),का.म.न.पा.-३१, काठमाण्डौ, बाग्मती ,2071-12-19
3,नेपाल इनोभेटिभ कन्सल्टिङ् इन्जिनियरस्,NEPAL INOVATIVE CONSLUTING ENGINEERS,53,2049-11-04,प्राइभेट >> बहुल>>सम्पुर्ण नेपाली स्वामित्व(प्राइभेट),ललितपुर उप म.न.पा.-०,ललितपुर,बाग्मती
4,एकेडेमी  अफ् ल फिलोसफी एण्ड सोसल साइन्सेज,Academy Of Law, Philosophy And  Social Sciences,53,2063-10-23,मुनाफा वितरण नगर्ने,किर्तिपुर नगरपालिका-१४,काठमाण्डौ,बाग्मती
1,ईष्टर्न रिजनल ऐजेन्सी,Eastern Reginal Agency,54,2033-03-07,प्राइभेट >> बहुल>>सम्पुर्ण नेपाली स्वामित्व(प्राइभेट),का.म.न.पा.-२, काठमाण्डौ, बाग्मती 
2,अनक कन्स्ट्रक्सन कम्पनी,ANK Construction Company,54,2041-04-23,प्राइभेट >> बहुल>>सम्पुर्ण नेपाली स्वामित्व(प्राइभेट),काठमाण्डौं महानगरपालिका-१४,काठमाण्डौ,बागमती,2078-09-05
3,गुहेश्‍वरी रोलिङ्ग मिल्स,GUHESWARI ROLLING MILLS,54,2045-01-27,प्राइभेट >> बहुल>>सम्पुर्ण नेपाली स्वामित्व(प्राइभेट),का.म.न.पा.-१६,काठमाण्डौ,बाग्मती,2080-01-17
4,कन्टीनेन्टल ट्रेडिङ कर्पोरेशन,Continental  Trading corporation,54,2048-06-04,पब्लिक >> गैर सरकारी>>सम्पूर्ण नेपाली स्वामित्व(पब्लिक),ललितपुर उप म.न.पा.-,ललितपुर,बाग्मती
5,लोकतान्त्रिक सगरमाथा आरोहण अभियान,Loktantrik Sagarmatha Aarohan Abhiyan,54,2063-11-11,मुनाफा वितरण नगर्ने,का.म.न.पा.-७,काठमाण्डौ,बाग्मती
6,अन्तराष्ट्रिय हवाई यातायात संगठन,International Air Transport Association,54,2068-08-06,विदेशी कार्यलय >> विदेशी शाखा कार्यलय,का.म.न.पा.-२,काठमाण्डौ,बाग्मती,2079-03-16
1,SERCHAN INDUSTRIAL COMPANY,SERCHAN INDUSTRIAL COMPANY,55,2016-08-21,प्राइभेट,KTM
2,जानकी ट्रेडिङ कम्पनी,Janaki Trading Company,55,2048-06-15,पब्लिक >> सरकारी >> सम्पूर्ण स्वामित्व,चारपाने , झापा, मेची, पुर्वाञ्चल बिकाष क्षेत्र
3,राष्ट्रिय प्रकाशन तथा प्रसारण,NATIONAL PUBLISHING AND BROADCASTING,55,2050-12-07,पब्लिक >> गैर सरकारी,का.म.न.पा.-,काठमाण्डौ,बाग्मती
4,तारा फाउण्डेशन,Tara Foundation,55,2063-11-11,मुनाफा वितरण नगर्ने,का.म.न.पा.-१६,काठमाण्डौ,बाग्मती
1,टिवडेवाल एण्ड सन्स,Tibarewala & sons,56,2033-03-12,प्राइभेट >> एकल,का.म.न.पा.-११,काठमाण्डौ,बाग्मती,2078-10-12
2,नेपाल धातु कम्पनी,Nepal  Dhatu  Company,56,2048-07-28,पब्लिक >> गैर सरकारी>>सम्पूर्ण नेपाली स्वामित्व(पब्लिक),ललितपुर उप म.न.पा.-१२,ललितपुर,बाग्मती
3,बहुउदेशीय विकास मञ्च,Bahuudeshya Bikash Manch,56,2063-11-28,मुनाफा वितरण नगर्ने,का.म.न.पा.-१६,काठमाण्डौ,बाग्मती
4,लाईफसेल इन्टरनेशनल,Lifecell International ,56,2068-08-16,विदेशी कार्यलय >> विदेशी शाखा कार्यलय,का.म.न.पा.-२२,काठमाण्डौ,बाग्मती,2073-09-19
1,संझना होटल,Samjhana Hotel,57,2031-03-26,प्राइभेट >> बहुल>>सम्पुर्ण नेपाली स्वामित्व(प्राइभेट),वीरगंज उ.न.पा.-0, पर्सा, 13, मध्यमाञ्चल बिकास क्षेत्र
2,नारायणी मसलन्द उद्योग,NARAYENI MASALNANDA UDHYOG,57,2046-12-26,प्राइभेट >> बहुल>>सम्पुर्ण नेपाली स्वामित्व(प्राइभेट),सिसहनिया-२,वारा,नारायणी
3,एभरेष्‍ट इन्स्योरेन्स कम्पनी,Everest Insurance Company,57,2048-08-07,पब्लिक >> सरकारी >> सम्पूर्ण स्वामित्व,का.म.न.पा.-३१,काठमाण्डौ,बाग्मती,2079-02-24
4,अजिमा इन्टरप्राइजेज कम्पनी,AJIMA ENTERPRISES COMPANY,57,2049-11-04,प्राइभेट >> बहुल>>सम्पुर्ण नेपाली स्वामित्व(प्राइभेट),का.म.न.पा.-३१, काठमाण्डौ, बाग्मती 
5,मैत्रिय बुद्ध समाज,MAITRIYE BUDDHA SAMAJ,57,2063-11-28,मुनाफा वितरण नगर्ने,वाडभंञ्याङ-१,काठमाण्डौ,बाग्मती
1,देवगण इन्टरप्राइजेज,Devgan Enterprises,58,2033-04-08,प्राइभेट >> बहुल>>सम्पुर्ण नेपाली स्वामित्व(प्राइभेट),का.म.न.पा.-३१, काठमाण्डौ, बाग्मती 
2,डाँफे कन्स्ट्रक्सन कम्पनी,DANFE CONSTRUCTION COMPANY,58,2042-09-16,प्राइभेट >> बहुल>>सम्पुर्ण नेपाली स्वामित्व(प्राइभेट),पोखरा उप म.न.पा.-७,कास्की,गण्डकी,2079-11-23
3,राम जानकी ट्रेडिंग कम्पनी,Ram Janaki Trading Company,58,2048-09-25,पब्लिक >> गैर सरकारी,विराटनगर उप म.न.पा.-,मोरंग,कोशी
4,युनिक डिजाइन कन्सल्टेण्टस,UNIQUE DESIGN CONSULTANTS,58,2049-11-04,प्राइभेट >> बहुल>>सम्पुर्ण नेपाली स्वामित्व(प्राइभेट),का.म.न.पा.-३१,काठमाण्डौ,बाग्मती
5,मेसो कम्पनी,Meso Company,58,2063-12-15,मुनाफा वितरण नगर्ने,का.म.न.पा.-१५,काठमाण्डौ,बाग्मती,2078-10-12
6,इनाबेन्‍सा भारत,INABENSA BHARAT,58,2068-11-21,विदेशी कार्यलय >> विदेशी शाखा कार्यलय,ललितपुर उप म.न.पा.-२,ललितपुर,बाग्मती
1,टिबडेवाल ट्रेडिङ्ग कम्पनि,Tibedawal Trading Company,59,2033-04-13,प्राइभेट >> बहुल>>सम्पुर्ण नेपाली स्वामित्व(प्राइभेट),का.म.न.पा.-३१, काठमाण्डौ, बाग्मती 
2,काठमाण्डौ ओभर ल्याण्ड,KATHMANDU OVERLAND PVT.LTD,59,2049-11-04,प्राइभेट >> बहुल>>सम्पुर्ण नेपाली स्वामित्व(प्राइभेट),का.म.न.पा.-३१, काठमाण्डौ, बाग्मती 
3,अल नेपाल इन्फ्रास्ट्रक्चर डेभलपमेन्ट कम्पनी लिमिटेड,All Nepal Infrastructure Development Company Limited,59,2051-01-15,पब्लिक >> गैर सरकारी,वेशीसहर-,लमजुंग,गण्डकी,2079-07-30
4,साना किसान विकास केन्द्रीय संघ,SANA KISAN BIKAS KENDRIYA SANGH,59,2063-12-16,मुनाफा वितरण नगर्ने,का.म.न.पा.-३५,काठमाण्डौ,बाग्मती
5,एशियाइन्फो-लिङ्गकेज टेक्नोलोजिज(चीन),इंक,AsiaInfo-Linkage Technologies(China),Inc,59,2068-12-20,विदेशी कार्यलय >> विदेशी शाखा कार्यलय,काठमाण्डौ,बाग्मती,2074-12-12
1,HIMALAYAN WOOLEN MILLS,HIMALAYAN WOOLEN MILLS,60,2007-05-02,प्राइभेट,KATHMANDU
2,नेपा ईन्जिनियरिङ्ग वक्र्स,NEPA ENGINEERING WORKS,60,2034-01-07,प्राइभेट >> बहुल>>सम्पुर्ण नेपाली स्वामित्व(प्राइभेट),नेपालगंज न.पा.-०,बाके,भेरी,2069-12-05
3,नोरभीक पाम इन्टरनेशनल,Norvic Paam International,60,2048-10-15,पब्लिक >> गैर सरकारी>>सम्पूर्ण नेपाली स्वामित्व(पब्लिक),का.म.न.पा.-२२,काठमाण्डौ,बाग्मती
4,नुरो कार्पेट इण्डष्‍ट्रि,NURO CARPET INDUSTRIES PVT.LTD,60,2049-11-05,प्राइभेट >> बहुल>>सम्पुर्ण नेपाली स्वामित्व(प्राइभेट),का.म.न.पा.-३१, काठमाण्डौ, बाग्मती 
5,एकीकृत दुग्ध तथा कृषि उत्पादन,INTEGRATED DAIRIES & AGRO PRODUCTS ,60,2051-01-15,पब्लिक >> गैर सरकारी>>सम्पूर्ण नेपाली स्वामित्व(पब्लिक),भक्तपुर,३,2077-11-21
6,द्वारिका दास एजुकेशनल फाउण्डेशन,DWARIKA DAS EDUCATIONAL FOUNDATION,60,2063-12-25,मुनाफा वितरण नगर्ने,का.म.न.पा.-९,काठमाण्डौ,बाग्मती
7,एग्रिफुड कन्सल्टीङग इन्टरनेशनल ,इन्क,Agrifood Consulting International,Inc,60,2068-02-11,प्राइभेट >> एकल,काठमाण्डौ,बाग्मती
1,LAXMI TREKKING COMPANY,LAXMI TREKKING COMPANY,61,2007-06-24,प्राइभेट,BIRAT NAGAR
2,अशोक ट्रेडिङ्ग कम्पनी,Ashok Trading Company,61,2033-05-01,प्राइभेट >> बहुल>>सम्पुर्ण नेपाली स्वामित्व(प्राइभेट),वीरगंज उ.न.पा.-,पर्सा,नारायणी
3,मेयरउल (नेपाल),MeyarWool (Nepal),61,2048-10-19,पब्लिक >> गैर सरकारी>>सम्पूर्ण नेपाली स्वामित्व(पब्लिक),का.म.न.पा.-११,काठमाण्डौ,बाग्मती
4,भवानी प्याकेजीङ्ग छापाखाना,BHAWANI PACKAGING CHHAPAKHANA STATIONERY UD.,61,2049-11-05,प्राइभेट >> बहुल>>सम्पुर्ण नेपाली स्वामित्व(प्राइभेट),गैडाकोट-5, नवलपरासी, लुम्बिनी, पश्चिमाञ्चल बिकास क्षेत्र
5,लिभिङ्ग पिस् एण्ड डेली जस्टिस इन्स्टीच्यूट् काठमांठौ,LIVING PEACE AND DAILY JUSTICE INSTITUDE KATHMANDU,61,2064-01-04,मुनाफा वितरण नगर्ने,का.म.न.पा.-३१,काठमाण्डौ,बाग्मती
6,जापान,JAPAN,61,2069-03-03,प्राइभेट >> बहुल >> सम्पूर्ण विदेशी स्वामित्व,काठमाण्डौ,बाग्मती
7,सिन निप्पोन ट्रेडिङ्ग क.,SHIN NIPPON TRADING CO.,61,2069-03-03,प्राइभेट >> बहुल>>सम्पुर्ण नेपाली स्वामित्व(प्राइभेट),काठमाण्डौ,बाग्मती,2079-07-29
1,HULAS RICE MILLS,HULAS RICE MILLS,62,2007-06-24,प्राइभेट,BIRAT NAGAR
2,सिद्धार्थ प्रिमियर इन्स्योरेन्स लिमिटेड,Siddhartha Premier Insurance Limited,62,2048-11-05,पब्लिक >> गैर सरकारी,का.म.न.पा.-१,काठमाण्डौ,बाग्मती,2079-11-23
3,होटल नेप्लिज होम,HOTEL NEPALESE HOME PVT.LTD,62,2049-11-05,प्राइभेट >> बहुल>>सम्पुर्ण नेपाली स्वामित्व(प्राइभेट),गोंगवु-0, काठमाण्डौ, बाग्मती, मध्यमाञ्चल बिकास क्षेत्र
4,नेशनल सेन्टर फर हेल्थ न्युट्रिशन एण्ड कम्युनिटि कन्सर्न नेपाल,NATIONAL CENTER FOR HEALTH NUTRITION AND COMMUNITY CONCERN NEPAL,62,2064-01-10,मुनाफा वितरण नगर्ने,का.म.न.पा.-३५,काठमाण्डौ,बाग्मती
5,मलेसिया एयरलाइन वेरहाद लिमिटेट,Malaysia Airline  Berhad Ltd,62,2069-04-11,विदेशी कार्यलय >> विदेशी शाखा कार्यलय,काठमाण्डौ,बाग्मती,2079-11-03
1,RAM TEA TEND AGRICULTURE,RAM TEA TEND AGRICULTURE,63,2007-06-27,प्राइभेट,JANAKPUR
2,हिमालयन बैंक,HIMALAYAN BANK,63,2048-11-04,पब्लिक >> गैर सरकारी,का.म.न.पा.-०,काठमाण्डौ,बाग्मती,2079-11-02
3,टेलिकम इलेक्ट्रोनिक्स प्रोडक्ट्स,TELECOM ELECTRONICS,63,2049-11-05,प्राइभेट >> बहुल>>सम्पुर्ण नेपाली स्वामित्व(प्राइभेट),का.म.न.पा.-३१,काठमाण्डौ,बाग्मती
4,निमरड फार्मास्युटिकल्स नेपाल,Nimrod Pharma Ceuticals Nepal,63,2050-05-13,पब्लिक >> गैर सरकारी,का.म.न.पा.-३५,काठमाण्डौ,बाग्मती
5,कपिलवस्तु सुगर सिण्डीकेट,KAPILBASTU SUGAR SINDICATE,63,2051-01-30,पब्लिक >> गैर सरकारी>>सम्पूर्ण नेपाली स्वामित्व(पब्लिक),जवाभारी-,कपिलवस्तु,लुम्बिनी
6,कामाख्या कल्याणकारी तथा परोपकार समाज,KAMAKHYA KALYANKARI TATHA PAROPAKAR SAMAJ,63,2064-01-23,मुनाफा वितरण नगर्ने,दोभान-५,पाल्पा,लुम्बिनी
7,कामाख्या कल्याणकारी तथा परोपकार समाज,KAMAKHYA KALYANKARI TATHA PAROPAKAR SAMAJ,63,2064-01-23,मुनाफा वितरण नगर्ने,बुटवल न.पा.-११,रुपन्देही,लुम्बिनी
1,JOR GANESH PRESS,JOR GANESH PRESS,64,2008-12-27,प्राइभेट,OM BAHAL
2,नव दुर्गा ट्रेडिंग,Nawa Durga Trading,64,2049-02-12,पब्लिक >> गैर सरकारी>>सम्पूर्ण नेपाली स्वामित्व(पब्लिक),का.म.न.पा.-१०,काठमाण्डौ,बाग्मती
3,ट्रान्स कार्गो,TRANS CARGO PVT.LTD,64,2049-11-05,प्राइभेट >> बहुल>>सम्पुर्ण नेपाली स्वामित्व(प्राइभेट),का.म.न.पा.-३१,काठमाण्डौ,बाग्मती
4,शेफर्ड शैक्षिक तथा चिकित्सा सेवा,SHEPHARD EDUCATIONAL & MEDICAL SERVICES,64,2051-02-08,पब्लिक >> गैर सरकारी>>सम्पूर्ण नेपाली स्वामित्व(पब्लिक),का.म.न.पा.-,काठमाण्डौ,बाग्मती
5,दिपोज्वल फाउण्डेशन,DIPOJWOL FOUNDATION,64,2064-02-02,मुनाफा वितरण नगर्ने,का.म.न.पा.-१६,काठमाण्डौ,बाग्मती
1,KRISHI UDYOG BIKAS COMPANI,KRISHI UDYOG BIKAS COMPANI,65,2009-03-28,प्राइभेट,JANAKPURDHAM
2,नेपाल कर्मसियल इन्टरप्राइजेज,NEPAL COMMERCIAL ENTERPRISES,65,2029-03-14,प्राइभेट >> बहुल>>सम्पुर्ण नेपाली स्वामित्व(प्राइभेट),ललितपुर उप म.न.पा.-४,ललितपुर,बाग्मती,2079-09-17
3,विजयदिप प्रोडक्सट्स,VIJAYA DEEP PRODUCT,65,2049-11-05,प्राइभेट >> बहुल>>सम्पुर्ण नेपाली स्वामित्व(प्राइभेट),का.म.न.पा.-२, काठमाण्डौ, बाग्मती 
4,दिक्षा केयर,DIKSHYA CARE,65,2064-02-08,मुनाफा वितरण नगर्ने,का.म.न.पा.-३२,काठमाण्डौ,बाग्मती
1,SHREE TREKKING,SHREE TREKKING,66,2009-08-22,प्राइभेट,KTM
2,श्री ट्रेडिङ्ग,Shree Trading,66,2009-10-22,पब्लिक >> सरकारी >> सम्पूर्ण स्वामित्व,का.म.न.पा.-,काठमाण्डौ,बाग्मती
3,यशस्वीका,yeshyavika,66,2051-02-24,पब्लिक >> गैर सरकारी,का.म.न.पा.-३,काठमाण्डौ,बाग्मती
4,नेपाल गस्पेल बुक रुम,NEPAL GOSPEL BOOK ROOM,66,2064-02-10,मुनाफा वितरण नगर्ने,का.म.न.पा.-३३,काठमाण्डौ,बाग्मती
1,नेपाल अटोमोवायल्स,NEPAL AUTOMOBILES,67,2017-02-02,प्राइभेट >> बहुल>>सम्पुर्ण नेपाली स्वामित्व(प्राइभेट),का.म.न.पा.-३१, काठमाण्डौ, बाग्मती 
2,एक्सेल एक्सइम,EXCEL EXIM,67,2049-11-06,प्राइभेट >> बहुल>>सम्पुर्ण नेपाली स्वामित्व(प्राइभेट),काठमाण्डौ,बाग्मती
3,फेकर ट्रेडिङ,Fekar Trading,67,2051-02-25,पब्लिक >> सरकारी >> सम्पूर्ण स्वामित्व,मेचीनगर न.पा.-0, झापा, मेची, पुर्वाञ्चल बिकाष क्षेत्र
4,इन्ष्‍टिच्युट फर डेभलपमेण्ट स्टडिज,INSTITUDE FOR DEVELPOMENT STUDIES,67,2064-02-20,मुनाफा वितरण नगर्ने,का.म.न.पा.-३२,काठमाण्डौ,बाग्मती
1,PURBI NEPAL AGRICULTURAL FIRM,PURBI NEPAL AGRICULTURAL FIRM,68,2013-06-23,प्राइभेट
2,राज भक्त ट्रान्सपोर्ट,Raj Bhakta Transport,68,2042-10-21,प्राइभेट >> बहुल>>सम्पुर्ण नेपाली स्वामित्व(प्राइभेट),का.म.न.पा.-०,काठमाण्डौ,बाग्मती
3,गण्डकी व्यापार कम्पनी,Gandaki Byapar company,68,2049-04-15,पब्लिक >> गैर सरकारी>>सम्पूर्ण नेपाली स्वामित्व(पब्लिक),पोखरा उप म.न.पा.-,कास्की,गण्डकी
4,जिसस कलेज,JESUS COLLEGE,68,2064-02-25,मुनाफा वितरण नगर्ने,ललितपुर उप म.न.पा.-१४,ललितपुर,बाग्मती
1,HRIDAYA MAHAT KRISHI,HRIDAYA MAHAT KRISHI,69,2013-07-22,प्राइभेट
2,द्यौराली फल उद्योग,Deurali Fruit Industry,69,2034-06-21,प्राइभेट >> बहुल>>सम्पुर्ण नेपाली स्वामित्व(प्राइभेट),काठमाण्डौ,बाग्मती
3,भाजु रत्‍न सर्भिसेज,Bhaju Ratna Services,69,2042-09-01,प्राइभेट >> बहुल,वीरगंज उ.न.पा.-०१,पर्सा,नारायणी
4,नेपाल फाइनान्स कम्पनी,Nepal finance Company,69,2049-05-14,पब्लिक >> गैर सरकारी,का.म.न.पा.-३१,काठमाण्डौ,बाग्मती,2079-12-09
5,नारायणी नेशनल फाइनान्स,NARAYANI NATIONAL FINANCE,69,2049-05-14,पब्लिक >> गैर सरकारी>>सम्पूर्ण नेपाली स्वामित्व(पब्लिक),का.म.न.पा.-२२,काठमाण्डौ,बाग्मती,2073-03-22
6,मेरी फिड इण्डष्‍ट्रिज,BHERI FEED INDUSTRIES,69,2049-11-06,प्राइभेट >> बहुल>>सम्पुर्ण नेपाली स्वामित्व(प्राइभेट),बाके,भेरी
7, इण्डष्ट्रियल क्रेडिट एण्ड फीनान्स कम्पनी ,Industrial Credit And Finance Company ,69,2051-03-03,पब्लिक >> गैर सरकारी>>सम्पूर्ण नेपाली स्वामित्व(पब्लिक),का.म.न.पा.-०,काठमाण्डौ,बाग्मती
8,क्रिएटिभ् ह्याण्डस्,CREATIVE HANDS,69,2064-03-03,मुनाफा वितरण नगर्ने,किर्तिपुर नगरपालिका-२९,काठमाण्डौ,बाग्मती
1,साई मेक्स ट्रेडिङग,Ci Mex Trading,70,2033-12-17,प्राइभेट >> बहुल>>सम्पुर्ण नेपाली स्वामित्व(प्राइभेट),का.म.न.पा.-३१,काठमाण्डौ,बाग्मती,2079-12-23
1,धराना ट्रान्सपोर्ट कं.,Dharna  Transport Co.,71,2042-10-23,प्राइभेट >> बहुल>>सम्पुर्ण नेपाली स्वामित्व(प्राइभेट),वीरगंज उ.न.पा.-0, पर्सा, 13, मध्यमाञ्चल बिकास क्षेत्र
2,एभरेष्‍ट बैंक,EVEREST BANK,71,2049-08-04,पब्लिक >> गैर सरकारी>>सम्पूर्ण नेपाली स्वामित्व(पब्लिक),का.म.न.पा.-३,काठमाण्डौ,बाग्मती,2079-10-09
3, नेपाल हाउसिङ्ग एण्ड मर्चैन्ट फाइनान्स(वित्तीय संस्था),NEPAL HOUSING & MERCHANT FINANCE(BITTIYA SANSTHA),71,2051-03-08,पब्लिक >> गैर सरकारी>>सम्पूर्ण नेपाली स्वामित्व(पब्लिक),का.म.न.पा.-३३,काठमाण्डौ,बाग्मती,2072-01-24
4,रिति नेपाल,Riti Nepal,71,2064-03-08,मुनाफा वितरण नगर्ने,ललितपुर उप म.न.पा.-५,ललितपुर,बाग्मती
1,चन्द्र शिव राइस एण्ड आयल मिल्स,CHANDRA SHIVA RICE AND OIL MILLS,72,2017-04-19,प्राइभेट >> बहुल>>सम्पुर्ण नेपाली स्वामित्व(प्राइभेट),विराटनगर उप म.न.पा.-४,मोरंग,कोशी,2078-11-09
2,साल्‍ट ट्रेडीङ्ग कर्पोरेशन,Salt Trading Corporation,72,2020-05-27,पब्लिक >> गैर सरकारी,का.म.न.पा.-१३,काठमाण्डौ,बाग्मती,2079-02-24
3,यिङ्गयाङ्ग ट्राभल्स एण्ड टुर्स,YING YANG TRAVELS AND TOURS PVT.LTD,72,2049-11-06,प्राइभेट >> बहुल>>सम्पुर्ण नेपाली स्वामित्व(प्राइभेट),का.म.न.पा.-३१, काठमाण्डौ, बाग्मती 
4,पूर्वाञ्चलल ग्रामिन बिकास बैक,PURBANCHAL GRAMEEN BIKAS BANK,72,2052-02-23,पब्लिक >> सरकारी >> Joint Venture Between government and Public,विराटनगर उप म.न.पा.-,मोरंग,कोशी,2071-03-32
5,होप हाउस कम्पनी,HOPE HOUSE COMPANY,72,2064-03-21,मुनाफा वितरण नगर्ने,जगतपुर-२,चितवन,नारायणी,2074-04-05
1,RAPTI DEVELOPMENT,RAPTI DEVELOPMENT,73,2017-05-28,प्राइभेट,HETAUDA
2,नारायणी चित्र मन्दिर,NARAYANI CHITRA MANDIR ,73,2043-03-18,प्राइभेट >> बहुल>>सम्पुर्ण नेपाली स्वामित्व(प्राइभेट),रत्ननगर न.पा.-२,चितवन,नारायणी,2075-04-23
3,सुदुर पश्‍चिमाञ्चल ग्रामिण विकास बैक(बित्तिय संस्था),Sudur Pashchimanchal Grameen Bikas Bank (Bittiya Sanstha),73,2049-08-05,पब्लिक >> गैर सरकारी,धनगढी न.पा.-१,कैलाली,सेती,2071-03-32
4,नेपाल नेशनल एभिएसनकाउन्‍सील,Nepal National Aviation Council,73,2064-03-21,मुनाफा वितरण नगर्ने,का.म.न.पा.-३२,काठमाण्डौ,बाग्मती
1,नेपाल रोडवेज,Sunshinefinance limited,74,2017-05-28,प्राइभेट >> बहुल>>सम्पुर्ण नेपाली स्वामित्व(प्राइभेट),का.म.न.पा.-३१, काठमाण्डौ, बाग्मती 
2,ईष्‍टन ईन्टरप्राइजेज,Eastern Enterprises,74,2022-08-28,पब्लिक >> गैर सरकारी>>सम्पूर्ण नेपाली स्वामित्व(पब्लिक),का.म.न.पा.-३१, काठमाण्डौ, बाग्मती 
3,एक्‍टिभ सिटिजन नेपाल,Active Citizen Nepal,74,2064-03-25,मुनाफा वितरण नगर्ने,ठेचो-८,ललितपुर,बाग्मती
1,सफारी एडभेन्चर लज,Safari Adventure Loage,75,2043-05-23,प्राइभेट >> बहुल>>सम्पुर्ण नेपाली स्वामित्व(प्राइभेट),रत्ननगर नगरपालिका-१,चितवन,बागमती,2079-10-04
2,नेशनल लिज एण्ड फाईनान्स कं.,National Lease  And Finance Co.,75,2049-09-21,पब्लिक >> गैर सरकारी>>सम्पूर्ण नेपाली स्वामित्व(पब्लिक),का.म.न.पा.-३,काठमाण्डौ,बाग्मती
3,अरिहन्त इण्डष्‍ट्रिज,AHARIHANT INDUSTRIES PVT.LTD,75,2049-11-10,प्राइभेट >> बहुल>>सम्पुर्ण नेपाली स्वामित्व(प्राइभेट),वीरगंज उ.न.पा.-0, पर्सा, 13, मध्यमाञ्चल बिकास क्षेत्र
4,श्री इन्‍भेष्‍टमेन्‍ट एण्‍ड फाइनान्‍स कम्‍पनी,Shree Investment And Finance Company,75,2051-04-22,पब्लिक >> गैर सरकारी,का.म.न.पा.-३३,काठमाण्डौ,बाग्मती,2079-12-05
5,होली भिजन टेक्‍निकल क्‍याम्‍पस,Holy Vision Technical Campus,75,2064-04-07,मुनाफा वितरण नगर्ने,का.म.न.पा.-३५,काठमाण्डौ,बाग्मती,2080-01-11
1,जि.एम.कर्पोरेशन,SANGRILLA BAHU UDESIYA KRISHI FARM,76,2017-09-01,प्राइभेट >> बहुल>>सम्पुर्ण नेपाली स्वामित्व(प्राइभेट),का.म.न.पा.-३१, काठमाण्डौ, बाग्मती 
2,एन.आई.डी.सी. क्यापिटल मार्कैट्स,N.I.D.C. CAPITAL MARKETS,76,2049-10-01,पब्लिक >> सरकारी >> Joint Venture Between government and Public,का.म.न.पा.-१,काठमाण्डौ,बाग्मती,2073-10-24
3,फेकर ट्रेडिङ,Facor Trading,76,2051-02-25,पब्लिक >> गैर सरकारी>>सम्पूर्ण नेपाली स्वामित्व(पब्लिक),का.म.न.पा.-३१, काठमाण्डौ, बाग्मती 
4,माङ्गमालुङ्ग चिया वगान  ,MANGMALUNG TEA ESTATE,76,2051-03-26,पब्लिक >> गैर सरकारी>>सम्पूर्ण नेपाली स्वामित्व(पब्लिक),माङसेबुङ गाउँपालिका-६,इलाम,१,2076-11-15
5,इन्‍टरनेशनल सेन्‍टर अन चाइल्‍ड लेवर एण्‍ड एजुकेशन नेपाल,International Centre on Child Labour and Education Nepal,76,2064-04-14,मुनाफा वितरण नगर्ने,का.म.न.पा.-,काठमाण्डौ,बाग्मती
1,NEPAL WOOLS WORKS,NEPAL WOOLS WORKS,77,2017-09-06,प्राइभेट,KATHMANDU
2,राष्ट्रिय आवास तथा वित्त कंपनी,RASTRIYA AAWAS TATHA BITTA COMPANY,77,2049-10-13,पब्लिक >> गैर सरकारी>>सम्पूर्ण नेपाली स्वामित्व(पब्लिक),का.म.न.पा.-,काठमाण्डौ,बाग्मती
3,रत्‍न श्री इण्डष्‍ट्रिज कम्पनी,RATNA SHREE INDUSTRIES CO.PVT.LTD,77,2049-11-11,प्राइभेट >> बहुल>>सम्पुर्ण नेपाली स्वामित्व(प्राइभेट),का.म.न.पा.-३१, काठमाण्डौ, बाग्मती 
4,मनकामना ट्रेडिङ्ग कम्पनी,MANAKAMANA TRADING COMPANY,77,2051-04-02,पब्लिक >> गैर सरकारी>>सम्पूर्ण नेपाली स्वामित्व(पब्लिक),का.म.न.पा.-२४,काठमाण्डौ,बाग्मती,2077-10-16
5,नेशनल सेन्‍टर फर इन्‍क्‍लुसिभ एजेकेशन नेपाल,National Center for Inclusive Education Nepal,77,2064-04-17,मुनाफा वितरण नगर्ने,का.म.न.पा.-३२,काठमाण्डौ,बाग्मती
1,शंकर ट्रान्सपोर्ट,Shanker Transport,78,2034-03-26,प्राइभेट >> बहुल>>सम्पुर्ण नेपाली स्वामित्व(प्राइभेट),ललितपुर उप म.न.पा.-२२, ललितपुर, बाग्मती 
2,गिता फलोध्यान,Gita Phalodhyan,78,2040-03-21,प्राइभेट >> बहुल,लिखु गाउँपालिका-०,नुवाकोट,बागमती,2079-02-10
3,बाबा मल्टिकलर पल्टिक इण्डष्‍ट्रिज,BABA MULTYCOLOR PLASTO INDUSTRIES PVT.LTD,78,2049-11-11,प्राइभेट >> बहुल>>सम्पुर्ण नेपाली स्वामित्व(प्राइभेट),विराटनगर उप म.न.पा.-12, मोरंग, 12, पुर्वाञ्चल बिकाष क्षेत्र
4,चिरन मिलन स्‍मृति प्रतिष्‍ठान,Chiran Milan Smriti Pratisthan,78,2064-04-23,मुनाफा वितरण नगर्ने,का.म.न.पा.-३,काठमाण्डौ,बाग्मती
1,नेपाल इण्डष्‍ट्रियल इण्डटरप्राईजेज,Nepal Industrial Enterprises,79,2017-09-14,प्राइभेट >> बहुल>>सम्पुर्ण नेपाली स्वामित्व(प्राइभेट),का.म.न.पा.-३१, काठमाण्डौ, बाग्मती 
2,आराथुन कम्पनी (नेपाल),ARATHUN COMPANY (NEPAL),79,2024-09-09,पब्लिक >> गैर सरकारी,का.म.न.पा.-,काठमाण्डौ,बाग्मती
3,ज्याक इन्टरनेशनल,JACK INTERNATIONAL PVT.LTD,79,2049-11-11,प्राइभेट >> बहुल>>सम्पुर्ण नेपाली स्वामित्व(प्राइभेट),ताथली, भक्तपुर, बाग्मती, मध्यमाञ्चल बिकास क्षेत्र
4,कुलचन्‍द्र गौतम स्‍मृति संस्‍थान,Kulchandra Gautam Smriti Sastha,79,2064-04-30,मुनाफा वितरण नगर्ने,का.म.न.पा.-२,काठमाण्डौ,बाग्मती
1,थर्ड आइ टुर्स एण्ड ट्राभल्स,THIRD I TOUR AND TRAVEL,80,2022-03-30,प्राइभेट >> बहुल>>सम्पुर्ण नेपाली स्वामित्व(प्राइभेट),का.म.न.पा.,-31, काठमाण्डौ, बाग्मती
2,एभरेष्ट मेडिया इन्टरनेशनल सर्भिसेज,EVEREST MEDIA INTERNATIONAL,80,2049-11-11,प्राइभेट >> बहुल>>सम्पुर्ण नेपाली स्वामित्व(प्राइभेट),का.म.न.पा.-३३,काठमाण्डौ,बाग्मती
3,नारायणी फाइनान्स,Narayani finance,80,2051-04-14,पब्लिक >> सरकारी >> सम्पूर्ण स्वामित्व,भरतपुर न.पा.-४,चितवन,नारायणी
4,बौद्धिक विकास प्रवर्द्धन एण्ड च्‍यारिटी सर्भिस इन्स्‍टीच्युट,BAUDHIK BIKASH PRABARDHAN AND CHARITY SERVICE INSTITUTE,80,2064-05-23,मुनाफा वितरण नगर्ने,का.म.न.पा.-६,काठमाण्डौ,बाग्मती
1,हिमाल  अटो मोवाइल्स,HIMAL AUTOMOBILES,81,2017-09-19,प्राइभेट >> बहुल>>सम्पुर्ण नेपाली स्वामित्व(प्राइभेट),का.म.न.पा.,-31, काठमाण्डौ, बाग्मती
2,कृषि औजार कारखाना,Krishi  Aujar  Karkhana,81,2024-12-22,प्राइभेट >> बहुल>>सम्पुर्ण नेपाली स्वामित्व(प्राइभेट),वीरगंज उ.न.पा.-०,पर्सा,नारायणी
3,केमिम्पेक्स नेपाल,CHEMI IMPEX NEPAL PVT.LTD,81,2049-11-11,प्राइभेट >> बहुल>>सम्पुर्ण नेपाली स्वामित्व(प्राइभेट),का.म.न.पा.,-31, काठमाण्डौ, बाग्मती
4,मर्कैन्टाइल फाइनान्स कम्पनी(वित्तीय संस्था),MERCANTILE FINANCE COMPANY(BITTIYA SANSTHA),81,2051-04-16,पब्लिक >> गैर सरकारी>>सम्पूर्ण नेपाली स्वामित्व(पब्लिक),वीरगंज उ.न.पा.-१३,पर्सा,नारायणी
5,टुल्‍स फर डिसाइपल्‍सिप,Tools For Discipleship,81,2064-05-24,मुनाफा वितरण नगर्ने,ललितपुर उप म.न.पा.-१५,ललितपुर,बाग्मती
1,SURYABAN UDHYOG,SURYABAN UDHYOG,82,2017-10-07,प्राइभेट
2,विशाल वजार कम्पनि,Bishal Bazar Company,82,2026-04-27,पब्लिक >> गैर सरकारी,का.म.न.पा.-२५,काठमाण्डौ,बाग्मती,2078-12-30
3,गोर्खा जनशक्ति सेवा,Gorkha Janashakti Sewa,82,2049-11-10,प्राइभेट >> बहुल>>सम्पुर्ण नेपाली स्वामित्व(प्राइभेट),का.म.न.पा.-९,काठमाण्डौ,बाग्मती
4,पशुपति म्यानेजमेण्ट,Pasupati Management,82,2051-04-21,पब्लिक >> गैर सरकारी>>सम्पूर्ण नेपाली स्वामित्व(पब्लिक),का.म.न.पा.-०,काठमाण्डौ,बाग्मती
5,सप्‍तरङगी ट्रष्‍ट नेपाल,Saptarangi Trust Nepal,82,2064-06-01,मुनाफा वितरण नगर्ने,धापासी-,काठमाण्डौ,बाग्मती
